{
  "ast_distribution": {
    "name": "ast_distribution",
    "moments": [
      13.88658,
      6.1766305,
      -1.0673016,
      3.3906155
    ],
    "min": 0.0,
    "max": 18.761663,
    "histogram": [
      [
        -0.018780427,
        118
      ],
      [
        0.35720366,
        0
      ],
      [
        0.7331878,
        0
      ],
      [
        1.1091719,
        0
      ],
      [
        1.4851559,
        0
      ],
      [
        1.86114,
        0
      ],
      [
        2.2371242,
        759
      ],
      [
        2.6131084,
        0
      ],
      [
        2.9890926,
        6
      ],
      [
        3.3650768,
        1589
      ],
      [
        3.741061,
        94
      ],
      [
        4.117045,
        2729
      ],
      [
        4.493029,
        2038
      ],
      [
        4.8690133,
        5043
      ],
      [
        5.2449975,
        12833
      ],
      [
        5.6209817,
        7453
      ],
      [
        5.996966,
        28782
      ],
      [
        6.37295,
        22835
      ],
      [
        6.7489343,
        56001
      ],
      [
        7.1249185,
        78483
      ],
      [
        7.5009027,
        91202
      ],
      [
        7.876887,
        103326
      ],
      [
        8.252871,
        112842
      ],
      [
        8.628855,
        126729
      ],
      [
        9.004839,
        135724
      ],
      [
        9.380823,
        221320
      ],
      [
        9.756807,
        241363
      ],
      [
        10.1327915,
        311934
      ],
      [
        10.508776,
        427573
      ],
      [
        10.88476,
        457752
      ],
      [
        11.260744,
        535472
      ],
      [
        11.636728,
        688405
      ],
      [
        12.0127125,
        579569
      ],
      [
        12.388697,
        746785
      ],
      [
        12.764681,
        759017
      ],
      [
        13.140665,
        766821
      ],
      [
        13.516649,
        766237
      ],
      [
        13.892633,
        717900
      ],
      [
        14.268618,
        781907
      ],
      [
        14.644602,
        566060
      ],
      [
        15.020586,
        572925
      ],
      [
        15.39657,
        495866
      ],
      [
        15.772554,
        454115
      ],
      [
        16.148539,
        426720
      ],
      [
        16.524523,
        349386
      ],
      [
        16.900507,
        413892
      ],
      [
        17.276491,
        207772
      ],
      [
        17.652475,
        132802
      ],
      [
        18.02846,
        62881
      ],
      [
        18.404444,
        24440
      ]
    ]
  },
  "embedding_distributions": [
    {
      "name": "doc2vecgensim",
      "moments": [
        0.0662781,
        0.00005285249,
        1.3303523,
        1.9795938
      ],
      "min": 0.051880088,
      "max": 0.09316431,
      "histogram": [
        [
          0.051838763,
          2
        ],
        [
          0.052666098,
          5
        ],
        [
          0.053493433,
          8
        ],
        [
          0.054320768,
          24
        ],
        [
          0.055148102,
          72
        ],
        [
          0.055975437,
          195
        ],
        [
          0.056802772,
          458
        ],
        [
          0.057630107,
          1059
        ],
        [
          0.05845744,
          2332
        ],
        [
          0.059284776,
          4524
        ],
        [
          0.06011211,
          9058
        ],
        [
          0.060939446,
          17158
        ],
        [
          0.06176678,
          30984
        ],
        [
          0.062594116,
          53252
        ],
        [
          0.06342145,
          87228
        ],
        [
          0.064248785,
          137969
        ],
        [
          0.06507612,
          207066
        ],
        [
          0.065903455,
          297169
        ],
        [
          0.06673079,
          408501
        ],
        [
          0.067558125,
          537990
        ],
        [
          0.06838546,
          674601
        ],
        [
          0.069212794,
          807216
        ],
        [
          0.07004013,
          924740
        ],
        [
          0.070867464,
          1013842
        ],
        [
          0.0716948,
          1058220
        ],
        [
          0.07252213,
          1057974
        ],
        [
          0.07334947,
          1009321
        ],
        [
          0.0741768,
          922096
        ],
        [
          0.07500414,
          803354
        ],
        [
          0.07583147,
          667068
        ],
        [
          0.07665881,
          530968
        ],
        [
          0.07748614,
          403636
        ],
        [
          0.07831348,
          292231
        ],
        [
          0.07914081,
          202669
        ],
        [
          0.07996815,
          134541
        ],
        [
          0.08079548,
          85248
        ],
        [
          0.08162282,
          51323
        ],
        [
          0.08245015,
          29839
        ],
        [
          0.083277486,
          16485
        ],
        [
          0.08410482,
          8701
        ],
        [
          0.084932156,
          4478
        ],
        [
          0.08575949,
          2154
        ],
        [
          0.086586826,
          1014
        ],
        [
          0.08741416,
          426
        ],
        [
          0.088241495,
          179
        ],
        [
          0.08906883,
          79
        ],
        [
          0.089896165,
          23
        ],
        [
          0.0907235,
          13
        ],
        [
          0.091550834,
          6
        ],
        [
          0.09237817,
          1
        ]
      ]
    },
    {
      "name": "nomic-embed-text",
      "moments": [
        10.74474,
        8.585931,
        0.43679208,
        3.3945155
      ],
      "min": 0.0,
      "max": 25.73505,