{
  "ast_distribution": {
    "name": "ast_distribution",
    "moments": [
      13.88518,
      6.175449,
      -1.0684959,
      3.3876252
    ],
    "min": 0.0,
    "max": 18.761663,
    "histogram": [
      [
        -0.018780427,
        118
      ],
      [
        0.35720366,
        0
      ],
      [
        0.7331878,
        0
      ],
      [
        1.1091719,
        0
      ],
      [
        1.4851559,
        0
      ],
      [
        1.86114,
        0
      ],
      [
        2.2371242,
        760
      ],
      [
        2.6131084,
        0
      ],
      [
        2.9890926,
        6
      ],
      [
        3.3650768,
        1590
      ],
      [
        3.741061,
        94
      ],
      [
        4.117045,
        2727
      ],
      [
        4.493029,
        2037
      ],
      [
        4.8690133,
        5037
      ],
      [
        5.2449975,
        12853
      ],
      [
        5.6209817,
        7465
      ],
      [
        5.996966,
        28773
      ],
      [
        6.37295,
        22834
      ],
      [
        6.7489343,
        56059
      ],
      [
        7.1249185,
        78526
      ],
      [
        7.5009027,
        91199
      ],
      [
        7.876887,
        103317
      ],
      [
        8.252871,
        112890
      ],
      [
        8.628855,
        126771
      ],
      [
        9.004839,
        135822
      ],
      [
        9.380823,
        221479
      ],
      [
        9.756807,
        241625
      ],
      [
        10.1327915,
        312308
      ],
      [
        10.508776,
        428105
      ],
      [
        10.88476,
        457974
      ],
      [
        11.260744,
        535458
      ],
      [
        11.636728,
        688076
      ],
      [
        12.0127125,
        579656
      ],
      [
        12.388697,
        747149
      ],
      [
        12.764681,
        759620
      ],
      [
        13.140665,
        767368
      ],
      [
        13.516649,
        766681
      ],
      [
        13.892633,
        718719
      ],
      [
        14.268618,
        782465
      ],
      [
        14.644602,
        565641
      ],
      [
        15.020586,
        572449
      ],
      [
        15.39657,
        495584
      ],
      [
        15.772554,
        453707
      ],
      [
        16.148539,
        426472
      ],
      [
        16.524523,
        348359
      ],
      [
        16.900507,
        412828
      ],
      [
        17.276491,
        207433
      ],
      [
        17.652475,
        132471
      ],
      [
        18.02846,
        62677
      ],
      [
        18.404444,
        24318
      ]
    ]
  },
  "embedding_distributions": [
    {
      "name": "doc2vecgensim",
      "moments": [
        0.066268586,
        0.0000532523,
        1.3297572,
        1.9766262
      ],
      "min": 0.051185567,
      "max": 0.09406286,
      "histogram": [
        [
          0.051142648,
          2
        ],
        [
          0.05200191,
          1
        ],
        [
          0.05286117,
          4
        ],
        [
          0.05372043,
          15
        ],
        [
          0.05457969,
          37
        ],
        [
          0.05543895,
          116
        ],
        [
          0.05629821,
          287
        ],
        [
          0.05715747,
          700
        ],
        [
          0.058016732,
          1596
        ],
        [
          0.058875993,
          3426
        ],
        [
          0.059735253,
          7012
        ],
        [
          0.060594514,
          13967
        ],
        [
          0.061453775,
          25980
        ],
        [
          0.062313035,
          46603
        ],
        [
          0.063172296,
          79376
        ],
        [
          0.064031556,
          127645
        ],
        [
          0.06489082,
          198061
        ],
        [
          0.06575008,
          289879
        ],
        [
          0.06660934,
          406703
        ],
        [
          0.0674686,
          543060
        ],
        [
          0.06832786,
          690681
        ],
        [
          0.06918712,
          833354
        ],
        [
          0.07004638,
          961072
        ],
        [
          0.07090564,
          1055380
        ],
        [
          0.0717649,
          1100250
        ],
        [
          0.07262416,
          1093023
        ],
        [
          0.07348342,
          1034912
        ],
        [
          0.07434268,
          933312
        ],
        [
          0.07520194,
          799766
        ],
        [
          0.076061204,
          654189
        ],
        [
          0.076920465,
          507692
        ],
        [
          0.077779725,
          375808
        ],
        [
          0.078638986,
          265149
        ],
        [
          0.07949825,
          177972
        ],
        [
          0.08035751,
          114613
        ],
        [
          0.08121677,
          69380
        ],
        [
          0.08207603,
          40618
        ],
        [
          0.08293529,
          22523
        ],
        [
          0.08379455,
          11906
        ],
        [
          0.08465381,
          6178
        ],
        [
          0.08551307,
          2937
        ],
        [
          0.08637233,
          1337
        ],
        [
          0.08723159,
          576
        ],
        [
          0.08809085,
          247
        ],
        [
          0.08895011,
          96
        ],
        [
          0.08980937,
          38
        ],
        [
          0.09066863,
          13
        ],
        [
          0.091527894,
          5
        ],
        [
          0.092387155,
          2
        ],
        [
          0.093246415,
          1
        ]
      ]
    },
    {
      "name": "nomic-embed-text",
      "moments": [
        10.7507105,
        8.584868,
        0.43088686,
        3.3913321
      ],
      "min": 0.0,
      "max": 25.73505,