{
  "ast_distribution": {
    "name": "ast_distribution",
    "moments": [
      8.584666,
      23.919138,
      1.4192415,
      2.0531883
    ],
    "min": 0.0,
    "max": 18.761663,
    "histogram": [
      [
        -0.018780427,
        385
      ],
      [
        0.35720366,
        0
      ],
      [
        0.7331878,
        0
      ],
      [
        1.1091719,
        0
      ],
      [
        1.4851559,
        0
      ],
      [
        1.86114,
        0
      ],
      [
        2.2371242,
        2014
      ],
      [
        2.6131084,
        0
      ],
      [
        2.9890926,
        19
      ],
      [
        3.3650768,
        4646
      ],
      [
        3.741061,
        228
      ],
      [
        4.117045,
        8515
      ],
      [
        4.493029,
        4652
      ],
      [
        4.8690133,
        16619
      ],
      [
        5.2449975,
        40681
      ],
      [
        5.6209817,
        23901
      ],
      [
        5.996966,
        90349
      ],
      [
        6.37295,
        76243
      ],
      [
        6.7489343,
        189954
      ],
      [
        7.1249185,
        279810
      ],
      [
        7.5009027,
        337520
      ],
      [
        7.876887,
        394205
      ],
      [
        8.252871,
        441990
      ],
      [
        8.628855,
        496104
      ],
      [
        9.004839,
        531453
      ],
      [
        9.380823,
        839526
      ],
      [
        9.756807,
        902410
      ],
      [
        10.1327915,
        1097356
      ],
      [
        10.508776,
        1503329
      ],
      [
        10.88476,
        1671796
      ],
      [
        11.260744,
        2014400
      ],
      [
        11.636728,
        2677184
      ],
      [
        12.0127125,
        2287209
      ],
      [
        12.388697,
        2974504
      ],
      [
        12.764681,
        3073027
      ],
      [
        13.140665,
        3117867
      ],
      [
        13.516649,
        3104988
      ],
      [
        13.892633,
        2953204
      ],
      [
        14.268618,
        3211358
      ],
      [
        14.644602,
        2333754
      ],
      [
        15.020586,
        2381997
      ],
      [
        15.39657,
        2053462
      ],
      [
        15.772554,
        1894708
      ],
      [
        16.148539,
        1755945
      ],
      [
        16.524523,
        1438893
      ],
      [
        16.900507,
        1796958
      ],
      [
        17.276491,
        958118
      ],
      [
        17.652475,
        602919
      ],
      [
        18.02846,
        290718
      ],
      [
        18.404444,
        120082
      ]
    ]
  },
  "embedding_distributions": [
    {
      "name": "doc2vecgensim",
      "moments": [
        0.041948184,
        0.0009794007,
        1.3906642,
        1.9723591
      ],
      "min": 0.0,
      "max": 0.13454863,
      "histogram": [
        [
          -0.00013468319,
          4
        ],
        [
          0.0025616738,
          0
        ],
        [
          0.0052580307,
          0
        ],
        [
          0.007954388,
          0
        ],
        [
          0.010650745,
          0
        ],
        [
          0.013347101,
          0
        ],
        [
          0.016043458,
          0
        ],
        [
          0.018739816,
          0
        ],
        [
          0.021436173,
          0
        ],
        [
          0.024132531,
          0
        ],
        [
          0.026828889,
          0
        ],
        [
          0.029525246,
          0
        ],
        [
          0.032221604,
          0
        ],
        [
          0.03491796,
          0
        ],
        [
          0.03761432,
          0
        ],
        [
          0.040310677,
          0
        ],
        [
          0.043007035,
          0
        ],
        [
          0.045703392,
          0
        ],
        [
          0.04839975,
          0
        ],
        [
          0.051096108,
          15
        ],
        [
          0.053792465,
          404
        ],
        [
          0.056488823,
          6225
        ],
        [
          0.05918518,
          63444
        ],
        [
          0.06188154,
          410221
        ],
        [
          0.06457789,
          1700182
        ],
        [
          0.06727425,
          4514739
        ],
        [
          0.06997061,
          7807202
        ],
        [
          0.072666965,
          9082972
        ],
        [
          0.07536332,
          7614788
        ],
        [
          0.07805968,
          5197112
        ],
        [
          0.08075604,
          3408953
        ],
        [
          0.083452396,
          2386650
        ],
        [
          0.086148754,
          1796499
        ],
        [
          0.08884511,
          1421670
        ],
        [
          0.09154147,
          1152160
        ],
        [
          0.09423783,
          944592
        ],
        [
          0.096934184,
          769454
        ],
        [
          0.09963054,
          602455
        ],
        [
          0.1023269,
          446427
        ],
        [
          0.10502326,
          304010
        ],
        [
          0.107719615,
          186826
        ],
        [
          0.11041597,
          100601
        ],
        [
          0.11311233,
          47160
        ],
        [
          0.11580869,
          19339
        ],
        [
          0.118505046,
          7193
        ],
        [
          0.1212014,
          2400
        ],
        [
          0.12389776,
          900
        ],
        [
          0.12659411,
          307
        ],
        [
          0.12929046,
          82
        ],
        [
          0.13198681,
          14
        ]
      ]
    },
    {
      "name": "nomic-embed-text",
      "moments": [
        5.8957744,
        25.750847,
        1.5649295,
        2.7691433
      ],
      "min": 0.0,
      "max": 25.73505,