{
  "ast_distribution": {
    "name": "ast_distribution",
    "moments": [
      6.5282607,
      27.20968,
      1.7579339,
      3.433413
    ],
    "histogram": [
      [
        -0.022472395,
        773
      ],
      [
        0.42742494,
        0
      ],
      [
        0.87732226,
        0
      ],
      [
        1.3272196,
        0
      ],
      [
        1.7771169,
        0
      ],
      [
        2.2270143,
        6552
      ],
      [
        2.6769116,
        0
      ],
      [
        3.126809,
        19089
      ],
      [
        3.5767062,
        0
      ],
      [
        4.0266037,
        33334
      ],
      [
        4.476501,
        34143
      ],
      [
        4.9263983,
        650
      ],
      [
        5.3762956,
        30028
      ],
      [
        5.826193,
        38114
      ],
      [
        6.27609,
        191646
      ],
      [
        6.7259874,
        574411
      ],
      [
        7.1758847,
        946761
      ],
      [
        7.625782,
        1042930
      ],
      [
        8.07568,
        2049363
      ],
      [
        8.525578,
        3448112
      ],
      [
        8.975475,
        3604410
      ],
      [
        9.425373,
        8123190
      ],
      [
        9.875271,
        4792766
      ],
      [
        10.325169,
        7349523
      ],
      [
        10.775066,
        3273632
      ],
      [
        11.224964,
        5100860
      ],
      [
        11.674862,
        3695301
      ],
      [
        12.12476,
        3123061
      ],
      [
        12.574657,
        2097686
      ],
      [
        13.024555,
        2169071
      ],
      [
        13.474453,
        1880095
      ],
      [
        13.924351,
        1931649
      ],
      [
        14.3742485,
        1395310
      ],
      [
        14.824146,
        1397292
      ],
      [
        15.274044,
        1148732
      ],
      [
        15.723942,
        1042687
      ],
      [
        16.17384,
        1026077
      ],
      [
        16.623737,
        784788
      ],
      [
        17.073635,
        836407
      ],
      [
        17.523533,
        721038
      ],
      [
        17.97343,
        599030
      ],
      [
        18.423328,
        664120
      ],
      [
        18.873226,
        615771
      ],
      [
        19.323124,
        664771
      ],
      [
        19.773022,
        571804
      ],
      [
        20.22292,
        186690
      ],
      [
        20.672817,
        62083
      ],
      [
        21.122715,
        27535
      ],
      [
        21.572613,
        15471
      ],
      [
        22.02251,
        3850
      ]
    ]
  },
  "embedding_distributions": [
    {
      "name": "doc2vecgensim",
      "moments": [
        0.031151708,
        0.0009734909,
        1.0522336,
        2.007291
      ],
      "histogram": [
        [
          0.051270686,
          5
        ],
        [
          0.052101165,
          6
        ],
        [
          0.052931644,
          42
        ],
        [
          0.053762123,
          109
        ],
        [
          0.054592602,
          254
        ],
        [
          0.05542308,
          659
        ],
        [
          0.05625356,
          1616
        ],
        [
          0.05708404,
          3787
        ],
        [
          0.057914518,
          8669
        ],
        [
          0.058744997,
          18193
        ],
        [
          0.059575476,
          37136
        ],
        [
          0.060405955,
          72474
        ],
        [
          0.061236434,
          133768
        ],
        [
          0.062066913,
          236217
        ],
        [
          0.06289739,
          398426
        ],
        [
          0.06372787,
          643103
        ],
        [
          0.06455835,
          992079
        ],
        [
          0.06538883,
          1458308
        ],
        [
          0.06621931,
          2046680
        ],
        [
          0.06704979,
          2742307
        ],
        [
          0.067880265,
          3509026
        ],
        [
          0.068710744,
          4277839
        ],
        [
          0.06954122,
          4972903
        ],
        [
          0.0703717,
          5518213
        ],
        [
          0.07120218,
          5831691
        ],
        [
          0.07203266,
          5876988
        ],
        [
          0.07286314,
          5642790
        ],
        [
          0.07369362,
          5167200
        ],
        [
          0.0745241,
          4505278
        ],
        [
          0.075354576,
          3740761
        ],
        [
          0.076185055,
          2952594
        ],
        [
          0.077015534,
          2218889
        ],
        [
          0.07784601,
          1588421
        ],
        [
          0.07867649,
          1077631
        ],
        [
          0.07950697,
          697256
        ],
        [
          0.08033745,
          427355
        ],
        [
          0.08116793,
          247991
        ],
        [
          0.08199841,
          137248
        ],
        [
          0.08282889,
          71648
        ],
        [
          0.083659366,
          35555
        ],
        [
          0.084489845,
          17041
        ],
        [
          0.08532032,
          7406
        ],
        [
          0.0861508,
          3105
        ],
        [
          0.08698128,
          1273
        ],
        [
          0.08781176,
          454
        ],
        [
          0.08864224,
          146
        ],
        [
          0.08947272,
          50
        ],
        [
          0.0903032,
          11
        ],
        [
          0.09113368,
          3
        ],
        [
          0.091964155,
          2
        ]
      ]
    },
    {
      "name": "nomic-embed-text",
      "moments": [
        7.9748373,
        38.095135,
        1.8649392,
        4.1397276
      ],