{
  "ast_distribution": {
    "name": "ast_distribution",
    "moments": [
      16.204021,
      7.1373134,
      0.21699528,
      3.2082398
    ],
    "min": 0.0,
    "max": 29.966648,
    "histogram": [
      [
        -0.029996617,
        1
      ],
      [
        0.5705356,
        0
      ],
      [
        1.1710678,
        0
      ],
      [
        1.7716,
        0
      ],
      [
        2.3721323,
        23
      ],
      [
        2.9726646,
        58
      ],
      [
        3.573197,
        5
      ],
      [
        4.173729,
        30
      ],
      [
        4.774261,
        28
      ],
      [
        5.374793,
        18
      ],
      [
        5.975325,
        68
      ],
      [
        6.575857,
        6410
      ],
      [
        7.176389,
        5673
      ],
      [
        7.7769213,
        30850
      ],
      [
        8.377454,
        21862
      ],
      [
        8.977986,
        31041
      ],
      [
        9.578519,
        25365
      ],
      [
        10.179051,
        60777
      ],
      [
        10.779584,
        125904
      ],
      [
        11.380116,
        229583
      ],
      [
        11.980649,
        432244
      ],
      [
        12.581182,
        509156
      ],
      [
        13.181714,
        734789
      ],
      [
        13.782247,
        981254
      ],
      [
        14.382779,
        1069754
      ],
      [
        14.983312,
        1073330
      ],
      [
        15.583844,
        1033722
      ],
      [
        16.184376,
        1072430
      ],
      [
        16.784908,
        1047065
      ],
      [
        17.38544,
        833150
      ],
      [
        17.985973,
        770981
      ],
      [
        18.586506,
        667169
      ],
      [
        19.187038,
        467531
      ],
      [
        19.78757,
        388398
      ],
      [
        20.388103,
        305743
      ],
      [
        20.988636,
        205568
      ],
      [
        21.589169,
        138278
      ],
      [
        22.189701,
        93209
      ],
      [
        22.790234,
        62384
      ],
      [
        23.390766,
        34620
      ],
      [
        23.991299,
        19402
      ],
      [
        24.591831,
        10660
      ],
      [
        25.192364,
        5009
      ],
      [
        25.792896,
        2422
      ],
      [
        26.393429,
        932
      ],
      [
        26.993961,
        405
      ],
      [
        27.594494,
        144
      ],
      [
        28.195026,
        36
      ],
      [
        28.795559,
        14
      ],
      [
        29.396091,
        5
      ]
    ]
  },
  "embedding_distributions": [
    {
      "name": "doc2vecgensim",
      "moments": [
        0.06594546,
        0.000050757382,
        1.3196702,
        1.99656
      ],
      "min": 0.0,
      "max": 0.09266886,
      "histogram": [
        [
          -0.00009276153,
          61
        ],
        [
          0.0017643243,
          0
        ],
        [
          0.00362141,
          0
        ],
        [
          0.0054784957,
          0
        ],
        [
          0.007335582,
          0
        ],
        [
          0.009192668,
          0
        ],
        [
          0.011049754,
          0
        ],
        [
          0.01290684,
          0
        ],
        [
          0.014763926,
          0
        ],
        [
          0.016621012,
          0
        ],
        [
          0.018478097,
          0
        ],
        [
          0.020335183,
          0
        ],
        [
          0.022192268,
          0
        ],
        [
          0.024049353,
          0
        ],
        [
          0.025906438,
          0
        ],
        [
          0.027763523,
          0
        ],
        [
          0.029620608,
          0
        ],
        [
          0.031477693,
          0
        ],
        [
          0.03333478,
          0
        ],
        [
          0.035191868,
          0
        ],
        [
          0.037048955,
          0
        ],
        [
          0.03890604,
          0
        ],
        [
          0.04076313,
          0
        ],
        [
          0.042620216,
          0
        ],
        [
          0.044477303,
          0
        ],
        [
          0.04633439,
          0
        ],
        [
          0.048191477,
          0
        ],
        [
          0.050048564,
          2
        ],
        [
          0.05190565,
          7
        ],
        [
          0.053762738,
          83
        ],
        [
          0.055619825,
          742
        ],
        [
          0.05747691,
          4655
        ],
        [
          0.059334,
          22007
        ],
        [
          0.061191086,
          85221
        ],
        [
          0.06304817,
          262660
        ],
        [
          0.064905256,
          642735
        ],
        [
          0.06676234,
          1255610
        ],
        [
          0.06861943,
          1945700
        ],
        [
          0.07047652,
          2385259
        ],
        [
          0.072333604,
          2312309
        ],
        [
          0.07419069,
          1769077
        ],
        [
          0.07604778,
          1063194
        ],
        [
          0.077904865,
          499152
        ],
        [
          0.07976195,
          183675
        ],
        [
          0.08161904,
          51899
        ],
        [
          0.083476126,
          11357
        ],
        [
          0.08533321,
          1851
        ],
        [
          0.0871903,
          225
        ],
        [
          0.08904739,
          17
        ],
        [
          0.090904474,
          2
        ]
      ]
    },
    {
      "name": "nomic-embed-text",
      "moments": [
        17.33036,
        6.678935,
        1.156758,
        2.6933656
      ],
      "min": 0.0,
      "max": 25.869848,