{
  "ast_distribution": {
    "name": "ast_distribution",
    "moments": [
      13.517529,
      2.5385318,
      -1.7308145,
      4.811877
    ],
    "min": 0.0,
    "max": 18.05547,
    "histogram": [
      [
        -0.018073525,
        88
      ],
      [
        0.34375843,
        0
      ],
      [
        0.70559037,
        0
      ],
      [
        1.0674224,
        0
      ],
      [
        1.4292543,
        0
      ],
      [
        1.7910862,
        0
      ],
      [
        2.152918,
        628
      ],
      [
        2.51475,
        0
      ],
      [
        2.876582,
        120
      ],
      [
        3.2384138,
        1234
      ],
      [
        3.6002457,
        0
      ],
      [
        3.9620776,
        1660
      ],
      [
        4.3239098,
        10
      ],
      [
        4.685742,
        3313
      ],
      [
        5.047574,
        1769
      ],
      [
        5.409406,
        3424
      ],
      [
        5.7712383,
        7868
      ],
      [
        6.1330705,
        10289
      ],
      [
        6.4949026,
        5827
      ],
      [
        6.8567348,
        13867
      ],
      [
        7.218567,
        8440
      ],
      [
        7.580399,
        14498
      ],
      [
        7.942231,
        14912
      ],
      [
        8.304063,
        16482
      ],
      [
        8.6658945,
        21171
      ],
      [
        9.027726,
        46578
      ],
      [
        9.389558,
        57933
      ],
      [
        9.7513895,
        148411
      ],
      [
        10.113221,
        176989
      ],
      [
        10.475053,
        344928
      ],
      [
        10.8368845,
        619900
      ],
      [
        11.198716,
        776643
      ],
      [
        11.560548,
        1363079
      ],
      [
        11.9223795,
        1249648
      ],
      [
        12.284211,
        1396692
      ],
      [
        12.646043,
        1590020
      ],
      [
        13.0078745,
        1429346
      ],
      [
        13.369706,
        1041419
      ],
      [
        13.731538,
        798855
      ],
      [
        14.0933695,
        541405
      ],
      [
        14.455201,
        352287
      ],
      [
        14.817033,
        238891
      ],
      [
        15.1788645,
        105690
      ],
      [
        15.540696,
        59893
      ],
      [
        15.902528,
        23403
      ],
      [
        16.26436,
        7468
      ],
      [
        16.626192,
        1894
      ],
      [
        16.988024,
        433
      ],
      [
        17.349855,
        87
      ],
      [
        17.711687,
        8
      ]
    ]
  },
  "embedding_distributions": [
    {
      "name": "doc2vecgensim",
      "moments": [
        0.06592053,
        0.000050778784,
        1.3188622,
        1.997752
      ],
      "min": 0.0,
      "max": 0.09253818,
      "histogram": [
        [
          -0.00009263072,
          66
        ],
        [
          0.0017618362,
          0
        ],
        [
          0.0036163032,
          0
        ],
        [
          0.0054707704,
          0
        ],
        [
          0.0073252376,
          0
        ],
        [
          0.009179705,
          0
        ],
        [
          0.011034172,
          0
        ],
        [
          0.012888639,
          0
        ],
        [
          0.014743106,
          0
        ],
        [
          0.016597573,
          0
        ],
        [
          0.018452039,
          0
        ],
        [
          0.020306505,
          0
        ],
        [
          0.022160972,
          0
        ],
        [
          0.024015438,
          0
        ],
        [
          0.025869904,
          0
        ],
        [
          0.02772437,
          0
        ],
        [
          0.029578837,
          0
        ],
        [
          0.031433303,
          0
        ],
        [
          0.03328777,
          0
        ],
        [
          0.03514224,
          0
        ],
        [
          0.036996707,
          0
        ],
        [
          0.038851175,
          0
        ],
        [
          0.040705644,
          0
        ],
        [
          0.04256011,
          0
        ],
        [
          0.04441458,
          0
        ],
        [
          0.046269048,
          0
        ],
        [
          0.048123516,
          0
        ],
        [
          0.049977984,
          2
        ],
        [
          0.051832452,
          6
        ],
        [
          0.05368692,
          78
        ],
        [
          0.05554139,
          681
        ],
        [
          0.057395857,
          4368
        ],
        [
          0.059250325,
          20568
        ],
        [
          0.061104793,
          81031
        ],
        [
          0.06295926,
          251362
        ],
        [
          0.064813726,
          621917
        ],
        [
          0.06666819,
          1224922
        ],
        [
          0.068522654,
          1918057
        ],
        [
          0.07037712,
          2374206
        ],
        [
          0.07223158,
          2326643
        ],
        [
          0.07408605,
          1798940
        ],
        [
          0.07594051,
          1092465
        ],
        [
          0.07779498,
          519410
        ],
        [
          0.07964944,
          192902
        ],
        [
          0.081503905,
          55384
        ],
        [
          0.08335837,
          12201
        ],
        [
          0.085212834,
          2026
        ],
        [
          0.0870673,
          238
        ],
        [
          0.08892176,
          25
        ],
        [
          0.09077623,
          2
        ]
      ]
    },
    {
      "name": "nomic-embed-text",
      "moments": [
        15.428143,
        8.227617,
        -0.59441894,
        3.082017
      ],
      "min": 0.0,
      "max": 24.367147,