{
  "ast_distribution": {
    "name": "ast_distribution",
    "moments": [
      11.525258,
      2.454539,
      -0.44629517,
      4.6820006
    ],
    "min": 0.0,
    "max": 17.14643,
    "histogram": [
      [
        -0.017163577,
        32
      ],
      [
        0.32645124,
        0
      ],
      [
        0.67006606,
        0
      ],
      [
        1.0136809,
        0
      ],
      [
        1.3572958,
        0
      ],
      [
        1.7009106,
        0
      ],
      [
        2.0445254,
        0
      ],
      [
        2.3881402,
        754
      ],
      [
        2.731755,
        0
      ],
      [
        3.0753698,
        2
      ],
      [
        3.4189847,
        925
      ],
      [
        3.7625995,
        13
      ],
      [
        4.1062145,
        920
      ],
      [
        4.449829,
        67
      ],
      [
        4.7934437,
        1091
      ],
      [
        5.1370583,
        968
      ],
      [
        5.480673,
        1
      ],
      [
        5.8242874,
        2232
      ],
      [
        6.167902,
        1200
      ],
      [
        6.5115166,
        177
      ],
      [
        6.855131,
        1361
      ],
      [
        7.1987457,
        3198
      ],
      [
        7.5423603,
        4790
      ],
      [
        7.885975,
        6176
      ],
      [
        8.229589,
        12503
      ],
      [
        8.573204,
        17189
      ],
      [
        8.916819,
        25533
      ],
      [
        9.260433,
        49143
      ],
      [
        9.604048,
        48800
      ],
      [
        9.947662,
        60847
      ],
      [
        10.291277,
        105810
      ],
      [
        10.6348915,
        110676
      ],
      [
        10.978506,
        107268
      ],
      [
        11.322121,
        117817
      ],
      [
        11.665735,
        117293
      ],
      [
        12.00935,
        93659
      ],
      [
        12.352964,
        87201
      ],
      [
        12.696579,
        92764
      ],
      [
        13.040194,
        55839
      ],
      [
        13.383808,
        54550
      ],
      [
        13.727423,
        31076
      ],
      [
        14.071037,
        26163
      ],
      [
        14.414652,
        15808
      ],
      [
        14.758266,
        10849
      ],
      [
        15.101881,
        4461
      ],
      [
        15.445496,
        2240
      ],
      [
        15.78911,
        1008
      ],
      [
        16.132725,
        293
      ],
      [
        16.47634,
        95
      ],
      [
        16.819954,
        18
      ]
    ]
  },
  "embedding_distributions": [
    {
      "name": "doc2vecgensim",
      "moments": [
        0.072092295,
        0.000014254255,
        -0.029988853,
        3.1054468
      ],
      "min": 0.0,
      "max": 0.09133529,
      "histogram": [
        [
          -0.00009142663,
          1
        ],
        [
          0.0017389344,
          0
        ],
        [
          0.0035692956,
          0
        ],
        [
          0.0053996565,
          0
        ],
        [
          0.0072300173,
          0
        ],
        [
          0.009060378,
          0
        ],
        [
          0.010890739,
          0
        ],
        [
          0.0127211,
          0
        ],
        [
          0.014551461,
          0
        ],
        [
          0.016381823,
          0
        ],
        [
          0.018212184,
          0
        ],
        [
          0.020042546,
          0
        ],
        [
          0.021872908,
          0
        ],
        [
          0.02370327,
          0
        ],
        [
          0.025533631,
          0
        ],
        [
          0.027363993,
          0
        ],
        [
          0.029194355,
          0
        ],
        [
          0.031024717,
          0
        ],
        [
          0.03285508,
          0
        ],
        [
          0.03468544,
          0
        ],
        [
          0.036515802,
          0
        ],
        [
          0.038346164,
          0
        ],
        [
          0.040176526,
          0
        ],
        [
          0.042006887,
          0
        ],
        [
          0.04383725,
          0
        ],
        [
          0.04566761,
          0
        ],
        [
          0.047497973,
          0
        ],
        [
          0.049328335,
          0
        ],
        [
          0.051158696,
          0
        ],
        [
          0.05298906,
          0
        ],
        [
          0.05481942,
          33
        ],
        [
          0.05664978,
          199
        ],
        [
          0.058480144,
          1094
        ],
        [
          0.060310505,
          4508
        ],
        [
          0.062140867,
          15106
        ],
        [
          0.06397123,
          40986
        ],
        [
          0.06580159,
          89101
        ],
        [
          0.06763195,
          156391
        ],
        [
          0.069462314,
          218439
        ],
        [
          0.071292676,
          243858
        ],
        [
          0.07312304,
          216300
        ],
        [
          0.0749534,
          151002
        ],
        [
          0.07678376,
          82934
        ],
        [
          0.07861412,
          36383
        ],
        [
          0.080444485,
          12458
        ],
        [
          0.08227485,
          3228
        ],
        [
          0.08410521,
          666
        ],
        [
          0.08593557,
          109
        ],
        [
          0.08776593,
          12
        ],
        [
          0.089596294,
          2
        ]
      ]
    },
    {
      "name": "nomic-embed-text",
      "moments": [
        14.998341,
        22.800777,
        -0.43832946,
        2.091428
      ],
      "min": 0.0,
      "max": 26.008986,