{
  "ast_distribution": {
    "name": "ast_distribution",
    "moments": [
      11.937215,
      8.56252,
      0.5920407,
      3.2829003
    ],
    "min": 0.0,
    "max": 22.449944,
    "histogram": [
      [
        -0.022472395,
        340
      ],
      [
        0.42742494,
        0
      ],
      [
        0.87732226,
        0
      ],
      [
        1.3272196,
        0
      ],
      [
        1.7771169,
        0
      ],
      [
        2.2270143,
        3674
      ],
      [
        2.6769116,
        0
      ],
      [
        3.126809,
        9794
      ],
      [
        3.5767062,
        0
      ],
      [
        4.0266037,
        13738
      ],
      [
        4.476501,
        12709
      ],
      [
        4.9263983,
        650
      ],
      [
        5.3762956,
        11003
      ],
      [
        5.826193,
        18553
      ],
      [
        6.27609,
        122676
      ],
      [
        6.7259874,
        308662
      ],
      [
        7.1758847,
        403824
      ],
      [
        7.625782,
        399746
      ],
      [
        8.07568,
        1026930
      ],
      [
        8.525578,
        1830254
      ],
      [
        8.975475,
        1414617
      ],
      [
        9.425373,
        3107736
      ],
      [
        9.875271,
        1589874
      ],
      [
        10.325169,
        2338901
      ],
      [
        10.775066,
        981477
      ],
      [
        11.224964,
        1558736
      ],
      [
        11.674862,
        1090263
      ],
      [
        12.12476,
        905481
      ],
      [
        12.574657,
        615033
      ],
      [
        13.024555,
        623126
      ],
      [
        13.474453,
        530305
      ],
      [
        13.924351,
        556860
      ],
      [
        14.3742485,
        412447
      ],
      [
        14.824146,
        412517
      ],
      [
        15.274044,
        342140
      ],
      [
        15.723942,
        323009
      ],
      [
        16.17384,
        282124
      ],
      [
        16.623737,
        235649
      ],
      [
        17.073635,
        270517
      ],
      [
        17.523533,
        221956
      ],
      [
        17.97343,
        178270
      ],
      [
        18.423328,
        242184
      ],
      [
        18.873226,
        251318
      ],
      [
        19.323124,
        268655
      ],
      [
        19.773022,
        167330
      ],
      [
        20.22292,
        52667
      ],
      [
        20.672817,
        18769
      ],
      [
        21.122715,
        9511
      ],
      [
        21.572613,
        5803
      ],
      [
        22.02251,
        1200
      ]
    ]
  },
  "embedding_distributions": [
    {
      "name": "doc2vecgensim",
      "moments": [
        0.08320085,
        0.0001352283,
        -1.1274441,
        1.3864647
      ],
      "min": 0.051335186,
      "max": 0.09266967,
      "histogram": [
        [
          0.05129381,
          3
        ],
        [
          0.052122153,
          3
        ],
        [
          0.052950498,
          17
        ],
        [
          0.053778842,
          45
        ],
        [
          0.054607186,
          90
        ],
        [
          0.05543553,
          251
        ],
        [
          0.056263875,
          604
        ],
        [
          0.05709222,
          1407
        ],
        [
          0.057920564,
          3285
        ],
        [
          0.05874891,
          6792
        ],
        [
          0.059577253,
          13752
        ],
        [
          0.060405597,
          26641
        ],
        [
          0.06123394,
          48876
        ],
        [
          0.062062286,
          85566
        ],
        [
          0.06289063,
          144129
        ],
        [
          0.06371897,
          231582
        ],
        [
          0.06454731,
          355770
        ],
        [
          0.06537565,
          518787
        ],
        [
          0.06620399,
          724380
        ],
        [
          0.06703233,
          964500
        ],
        [
          0.06786067,
          1229392
        ],
        [
          0.06868901,
          1492364
        ],
        [
          0.06951735,
          1727507
        ],
        [
          0.07034569,
          1904964
        ],
        [
          0.07117403,
          2008362
        ],
        [
          0.07200237,
          2014968
        ],
        [
          0.072830714,
          1929296
        ],
        [
          0.073659055,
          1757845
        ],
        [
          0.074487396,
          1528693
        ],
        [
          0.075315736,
          1264848
        ],
        [
          0.07614408,
          996185
        ],
        [
          0.07697242,
          745984
        ],
        [
          0.07780076,
          532614
        ],
        [
          0.0786291,
          361033
        ],
        [
          0.07945744,
          233876
        ],
        [
          0.08028578,
          142380
        ],
        [
          0.08111412,
          82898
        ],
        [
          0.08194246,
          45709
        ],
        [
          0.0827708,
          23958
        ],
        [
          0.08359914,
          11811
        ],
        [
          0.08442748,
          5663
        ],
        [
          0.085255824,
          2526
        ],
        [
          0.086084165,
          1052
        ],
        [
          0.086912505,
          416
        ],
        [
          0.087740846,
          134
        ],
        [
          0.08856919,
          48
        ],
        [
          0.08939753,
          16
        ],
        [
          0.09022587,
          3
        ],
        [
          0.09105421,
          2
        ],
        [
          0.09188255,
          1
        ]
      ]
    },
    {
      "name": "nomic-embed-text",
      "moments": [
        11.35228,
        25.287777,
        0.630298,
        2.8354323
      ],
      "min": 0.0,
      "max": 24.91896,