{
  "ast_distribution": {
    "name": "ast_distribution",
    "moments": [
      12.299298,
      8.69075,
      -0.1452248,
      3.1056628
    ],
    "min": 0.0,
    "max": 28.600698,
    "histogram": [
      [
        -0.028629301,
        7
      ],
      [
        0.54452926,
        0
      ],
      [
        1.1176878,
        0
      ],
      [
        1.6908464,
        0
      ],
      [
        2.264005,
        1684
      ],
      [
        2.8371634,
        22
      ],
      [
        3.410322,
        1507
      ],
      [
        3.9834805,
        1719
      ],
      [
        4.556639,
        28669
      ],
      [
        5.129798,
        75594
      ],
      [
        5.7029567,
        148796
      ],
      [
        6.2761154,
        415194
      ],
      [
        6.849274,
        558374
      ],
      [
        7.422433,
        825451
      ],
      [
        7.9955916,
        1251262
      ],
      [
        8.56875,
        1212554
      ],
      [
        9.141909,
        1855043
      ],
      [
        9.715067,
        1565502
      ],
      [
        10.288225,
        1600738
      ],
      [
        10.861383,
        1796616
      ],
      [
        11.434542,
        1770471
      ],
      [
        12.0077,
        1732274
      ],
      [
        12.580858,
        1425472
      ],
      [
        13.1540165,
        1288478
      ],
      [
        13.727175,
        955678
      ],
      [
        14.300333,
        756565
      ],
      [
        14.873491,
        632044
      ],
      [
        15.44665,
        481129
      ],
      [
        16.019808,
        395662
      ],
      [
        16.592966,
        353411
      ],
      [
        17.166124,
        283254
      ],
      [
        17.739283,
        205056
      ],
      [
        18.31244,
        164574
      ],
      [
        18.8856,
        107972
      ],
      [
        19.458757,
        84253
      ],
      [
        20.031916,
        54316
      ],
      [
        20.605074,
        37129
      ],
      [
        21.178232,
        23098
      ],
      [
        21.75139,
        18111
      ],
      [
        22.324549,
        12806
      ],
      [
        22.897707,
        9238
      ],
      [
        23.470865,
        7929
      ],
      [
        24.044024,
        6121
      ],
      [
        24.617182,
        2420
      ],
      [
        25.19034,
        869
      ],
      [
        25.763498,
        463
      ],
      [
        26.336657,
        211
      ],
      [
        26.909815,
        76
      ],
      [
        27.482973,
        24
      ],
      [
        28.056131,
        4
      ]
    ]
  },
  "embedding_distributions": [
    {
      "name": "doc2vecgensim",
      "moments": [
        0.081326015,
        0.000097888165,
        -1.1879936,
        1.537564
      ],
      "min": 0.0,
      "max": 0.0926676,
      "histogram": [
        [
          -0.000092760274,
          1
        ],
        [
          0.0017643003,
          0
        ],
        [
          0.0036213608,
          0
        ],
        [
          0.005478421,
          0
        ],
        [
          0.0073354817,
          0
        ],
        [
          0.009192542,
          0
        ],
        [
          0.011049603,
          0
        ],
        [
          0.012906664,
          0
        ],
        [
          0.014763725,
          0
        ],
        [
          0.016620785,
          0
        ],
        [
          0.018477846,
          0
        ],
        [
          0.020334907,
          0
        ],
        [
          0.022191968,
          0
        ],
        [
          0.024049029,
          0
        ],
        [
          0.02590609,
          0
        ],
        [
          0.02776315,
          0
        ],
        [
          0.029620212,
          0
        ],
        [
          0.031477273,
          0
        ],
        [
          0.033334333,
          0
        ],
        [
          0.035191394,
          0
        ],
        [
          0.037048455,
          0
        ],
        [
          0.038905516,
          0
        ],
        [
          0.040762577,
          0
        ],
        [
          0.04261964,
          0
        ],
        [
          0.0444767,
          0
        ],
        [
          0.04633376,
          0
        ],
        [
          0.04819082,
          0
        ],
        [
          0.050047882,
          3
        ],
        [
          0.051904943,
          17
        ],
        [
          0.053762004,
          157
        ],
        [
          0.055619065,
          1274
        ],
        [
          0.057476126,
          8285
        ],
        [
          0.059333187,
          39327
        ],
        [
          0.061190248,
          152178
        ],
        [
          0.063047305,
          470794
        ],
        [
          0.06490436,
          1153170
        ],
        [
          0.06676142,
          2246275
        ],
        [
          0.06861848,
          3471618
        ],
        [
          0.07047553,
          4241498
        ],
        [
          0.07233259,
          4095471
        ],
        [
          0.07418965,
          3113838
        ],
        [
          0.076046705,
          1858330
        ],
        [
          0.07790376,
          867733
        ],
        [
          0.07976082,
          316263
        ],
        [
          0.08161788,
          88780
        ],
        [
          0.083474934,
          19218
        ],
        [
          0.08533199,
          3189
        ],
        [
          0.08718905,
          389
        ],
        [
          0.089046106,
          28
        ],
        [
          0.09090316,
          4
        ]
      ]
    },
    {
      "name": "nomic-embed-text",
      "moments": [
        13.877657,
        13.224238,
        0.3988384,
        2.839333
      ],
      "min": 0.0,
      "max": 27.234198,