{
  "ast_distribution": {
    "name": "ast_distribution",
    "moments": [
      9.445324,
      21.65734,
      1.6645815,
      3.0969086
    ],
    "histogram": [
      [
        -0.022427764,
        2
      ],
      [
        0.42657605,
        0
      ],
      [
        0.87557983,
        0
      ],
      [
        1.3245836,
        0
      ],
      [
        1.7735875,
        0
      ],
      [
        2.2225914,
        26
      ],
      [
        2.671595,
        0
      ],
      [
        3.1205988,
        427
      ],
      [
        3.5696025,
        0
      ],
      [
        4.018606,
        829
      ],
      [
        4.46761,
        5163
      ],
      [
        4.9166136,
        0
      ],
      [
        5.3656173,
        2263
      ],
      [
        5.814621,
        6180
      ],
      [
        6.2636247,
        5101
      ],
      [
        6.7126284,
        3592
      ],
      [
        7.161632,
        4210
      ],
      [
        7.6106358,
        4951
      ],
      [
        8.05964,
        37167
      ],
      [
        8.508644,
        159675
      ],
      [
        8.957648,
        225001
      ],
      [
        9.406652,
        409577
      ],
      [
        9.855657,
        830065
      ],
      [
        10.304661,
        3332280
      ],
      [
        10.753665,
        4364579
      ],
      [
        11.202669,
        4076169
      ],
      [
        11.651673,
        5001651
      ],
      [
        12.1006775,
        3957548
      ],
      [
        12.549682,
        3536317
      ],
      [
        12.998686,
        3007839
      ],
      [
        13.44769,
        2509903
      ],
      [
        13.896694,
        2110397
      ],
      [
        14.345698,
        2114510
      ],
      [
        14.794703,
        1859149
      ],
      [
        15.243707,
        1648990
      ],
      [
        15.692711,
        1303949
      ],
      [
        16.141714,
        1211009
      ],
      [
        16.590717,
        1247872
      ],
      [
        17.03972,
        909453
      ],
      [
        17.488724,
        921262
      ],
      [
        17.937727,
        921636
      ],
      [
        18.38673,
        795605
      ],
      [
        18.835733,
        736496
      ],
      [
        19.284737,
        724994
      ],
      [
        19.73374,
        760116
      ],
      [
        20.182743,
        882364
      ],
      [
        20.631746,
        215121
      ],
      [
        21.08075,
        78919
      ],
      [
        21.529753,
        48506
      ],
      [
        21.978756,
        24137
      ]
    ]
  },
  "embedding_distributions": [
    {
      "name": "doc2vecgensim",
      "moments": [
        0.041947234,
        0.00065549155,
        1.2314891,
        1.5503758
      ],
      "histogram": [
        [
          0.0512512,
          5
        ],
        [
          0.052081436,
          7
        ],
        [
          0.052911673,
          27
        ],
        [
          0.05374191,
          81
        ],
        [
          0.054572146,
          216
        ],
        [
          0.055402383,
          476
        ],
        [
          0.05623262,
          1211
        ],
        [
          0.057062857,
          2864
        ],
        [
          0.057893094,
          6558
        ],
        [
          0.05872333,
          13648
        ],
        [
          0.059553567,
          28024
        ],
        [
          0.060383804,
          54116
        ],
        [
          0.06121404,
          100709
        ],
        [
          0.062044278,
          176919
        ],
        [
          0.06287452,
          298967
        ],
        [
          0.06370476,
          481707
        ],
        [
          0.064535,
          743862
        ],
        [
          0.06536524,
          1090780
        ],
        [
          0.06619548,
          1528690
        ],
        [
          0.06702572,
          2045940
        ],
        [
          0.06785596,
          2617050
        ],
        [
          0.0686862,
          3184912
        ],
        [
          0.06951644,
          3699890
        ],
        [
          0.07034668,
          4103937
        ],
        [
          0.071176924,
          4331277
        ],
        [
          0.072007164,
          4363004
        ],
        [
          0.072837405,
          4184673
        ],
        [
          0.073667645,
          3828505
        ],
        [
          0.074497886,
          3335382
        ],
        [
          0.07532813,
          2766644
        ],
        [
          0.07615837,
          2182073
        ],
        [
          0.07698861,
          1640661
        ],
        [
          0.07781885,
          1171117
        ],
        [
          0.07864909,
          796106
        ],
        [
          0.07947933,
          514630
        ],
        [
          0.08030957,
          314942
        ],
        [
          0.08113981,
          183294
        ],
        [
          0.08197005,
          101449
        ],
        [
          0.08280029,
          52521
        ],
        [
          0.08363053,
          26172
        ],
        [
          0.08446077,
          12631
        ],
        [
          0.08529101,
          5575
        ],
        [
          0.08612125,
          2344
        ],
        [
          0.086951494,
          914
        ],
        [
          0.087781735,
          345
        ],
        [
          0.088611975,
          99
        ],
        [
          0.089442216,
          34
        ],
        [
          0.09027246,
          8
        ],
        [
          0.0911027,
          3
        ],
        [
          0.09193294,
          1
        ]
      ]
    },
    {
      "name": "nomic-embed-text",
      "moments": [
        10.738492,
        26.05514,
        1.4186691,
        2.0709286
      ],