{
  "ast_distribution": {
    "name": "ast_distribution",
    "moments": [
      14.002042,
      7.3873606,
      0.40851215,
      2.5396113
    ],
    "min": 2.4494898,
    "max": 22.405357,
    "histogram": [
      [
        2.429514,
        9
      ],
      [
        2.8294299,
        0
      ],
      [
        3.2293458,
        103
      ],
      [
        3.6292617,
        0
      ],
      [
        4.0291777,
        205
      ],
      [
        4.429094,
        0
      ],
      [
        4.82901,
        1307
      ],
      [
        5.228926,
        591
      ],
      [
        5.6288424,
        1530
      ],
      [
        6.0287585,
        0
      ],
      [
        6.4286747,
        1266
      ],
      [
        6.828591,
        936
      ],
      [
        7.228507,
        1071
      ],
      [
        7.628423,
        1240
      ],
      [
        8.028339,
        3795
      ],
      [
        8.428255,
        13873
      ],
      [
        8.828171,
        69045
      ],
      [
        9.228086,
        57326
      ],
      [
        9.628002,
        101665
      ],
      [
        10.027918,
        338495
      ],
      [
        10.427834,
        683423
      ],
      [
        10.827749,
        1294745
      ],
      [
        11.227665,
        774535
      ],
      [
        11.627581,
        1186907
      ],
      [
        12.027496,
        864240
      ],
      [
        12.427412,
        729498
      ],
      [
        12.827328,
        721763
      ],
      [
        13.227243,
        558879
      ],
      [
        13.627159,
        587220
      ],
      [
        14.027075,
        523760
      ],
      [
        14.4269905,
        390987
      ],
      [
        14.826906,
        423458
      ],
      [
        15.226822,
        434830
      ],
      [
        15.626738,
        310154
      ],
      [
        16.026653,
        272882
      ],
      [
        16.426569,
        314404
      ],
      [
        16.826485,
        259107
      ],
      [
        17.2264,
        213388
      ],
      [
        17.626316,
        190056
      ],
      [
        18.026232,
        184932
      ],
      [
        18.426147,
        196780
      ],
      [
        18.826063,
        137599
      ],
      [
        19.225979,
        143799
      ],
      [
        19.625895,
        161675
      ],
      [
        20.02581,
        203863
      ],
      [
        20.425726,
        85456
      ],
      [
        20.825642,
        30528
      ],
      [
        21.225557,
        13229
      ],
      [
        21.625473,
        8363
      ],
      [
        22.025389,
        4583
      ]
    ]
  },
  "embedding_distributions": [
    {
      "name": "doc2vecgensim",
      "moments": [
        0.06596887,
        0.00005052058,
        1.3253387,
        1.9689914
      ],
      "min": 0.051366434,
      "max": 0.0927052,
      "histogram": [
        [
          0.051325053,
          2
        ],
        [
          0.052153483,
          2
        ],
        [
          0.052981913,
          8
        ],
        [
          0.053810343,
          20
        ],
        [
          0.054638773,
          42
        ],
        [
          0.055467203,
          134
        ],
        [
          0.056295633,
          350
        ],
        [
          0.057124063,
          798
        ],
        [
          0.057952493,
          1859
        ],
        [
          0.058780923,
          3777
        ],
        [
          0.059609354,
          7594
        ],
        [
          0.060437784,
          14641
        ],
        [
          0.061266214,
          26795
        ],
        [
          0.062094644,
          46870
        ],
        [
          0.062923074,
          78909
        ],
        [
          0.063751504,
          126051
        ],
        [
          0.064579934,
          193303
        ],
        [
          0.065408364,
          280707
        ],
        [
          0.066236794,
          391196
        ],
        [
          0.067065224,
          522201
        ],
        [
          0.067893654,
          664065
        ],
        [
          0.068722084,
          805317
        ],
        [
          0.069550514,
          931459
        ],
        [
          0.070378944,
          1025911
        ],
        [
          0.071207374,
          1082741
        ],
        [
          0.072035804,
          1084770
        ],
        [
          0.072864234,
          1038578
        ],
        [
          0.073692665,
          945915
        ],
        [
          0.074521095,
          822215
        ],
        [
          0.075349525,
          682085
        ],
        [
          0.076177955,
          537016
        ],
        [
          0.077006385,
          402784
        ],
        [
          0.077834815,
          286933
        ],
        [
          0.078663245,
          194993
        ],
        [
          0.079491675,
          125920
        ],
        [
          0.080320105,
          76946
        ],
        [
          0.081148535,
          45238
        ],
        [
          0.081976965,
          24748
        ],
        [
          0.082805395,
          12940
        ],
        [
          0.083633825,
          6357
        ],
        [
          0.084462255,
          3093
        ],
        [
          0.085290685,
          1325
        ],
        [
          0.086119115,
          555
        ],
        [
          0.086947545,
          233
        ],
        [
          0.087775975,
          67
        ],
        [
          0.088604406,
          25
        ],
        [
          0.089432836,
          8
        ],
        [
          0.090261266,
          2
        ],
        [
          0.091089696,
          1
        ],
        [
          0.091918126,
          1
        ]
      ]
    },
    {
      "name": "nomic-embed-text",
      "moments": [
        15.866264,
        5.343744,
        -0.47132045,
        3.3889775
      ],
      "min": 2.2936301,
      "max": 25.054327,