{
  "ast_distribution": {
    "name": "ast_distribution",
    "moments": [
      10.738492,
      29.846857,
      1.4542065,
      2.319997
    ],
    "min": 0.0,
    "max": 30.594116,
    "histogram": [
      [
        -0.030624712,
        1
      ],
      [
        0.582482,
        0
      ],
      [
        1.1955886,
        0
      ],
      [
        1.8086953,
        0
      ],
      [
        2.421802,
        43
      ],
      [
        3.0349088,
        236
      ],
      [
        3.6480155,
        98
      ],
      [
        4.261122,
        9
      ],
      [
        4.874229,
        120
      ],
      [
        5.4873357,
        31
      ],
      [
        6.1004424,
        279
      ],
      [
        6.713549,
        8723
      ],
      [
        7.326656,
        13513
      ],
      [
        7.9397626,
        88141
      ],
      [
        8.552869,
        136221
      ],
      [
        9.165976,
        91243
      ],
      [
        9.779082,
        78271
      ],
      [
        10.392189,
        247533
      ],
      [
        11.005296,
        677890
      ],
      [
        11.6184025,
        1010251
      ],
      [
        12.231509,
        1905312
      ],
      [
        12.844616,
        2477569
      ],
      [
        13.457723,
        3367852
      ],
      [
        14.070829,
        4156891
      ],
      [
        14.683936,
        4372304
      ],
      [
        15.297043,
        4773117
      ],
      [
        15.91015,
        4582094
      ],
      [
        16.523256,
        4198254
      ],
      [
        17.136362,
        4021783
      ],
      [
        17.749468,
        3393560
      ],
      [
        18.362574,
        2945586
      ],
      [
        18.97568,
        2073043
      ],
      [
        19.588785,
        1807213
      ],
      [
        20.20189,
        1187749
      ],
      [
        20.814997,
        879449
      ],
      [
        21.428102,
        562320
      ],
      [
        22.041208,
        391323
      ],
      [
        22.654314,
        243621
      ],
      [
        23.26742,
        147548
      ],
      [
        23.880526,
        72932
      ],
      [
        24.493631,
        45135
      ],
      [
        25.106737,
        21036
      ],
      [
        25.719843,
        9936
      ],
      [
        26.332949,
        4344
      ],
      [
        26.946054,
        1507
      ],
      [
        27.55916,
        632
      ],
      [
        28.172266,
        218
      ],
      [
        28.785372,
        45
      ],
      [
        29.398478,
        20
      ],
      [
        30.011583,
        4
      ]
    ]
  },
  "embedding_distributions": [
    {
      "name": "doc2vecgensim",
      "moments": [
        0.041947234,
        0.000655483,
        1.2305808,
        1.5466233
      ],
      "min": 0.0,
      "max": 0.09265973,
      "histogram": [
        [
          -0.000092752394,
          135
        ],
        [
          0.0017641505,
          0
        ],
        [
          0.0036210534,
          0
        ],
        [
          0.0054779565,
          0
        ],
        [
          0.007334859,
          0
        ],
        [
          0.009191762,
          0
        ],
        [
          0.011048664,
          0
        ],
        [
          0.012905567,
          0
        ],
        [
          0.01476247,
          0
        ],
        [
          0.016619373,
          0
        ],
        [
          0.018476276,
          0
        ],
        [
          0.020333178,
          0
        ],
        [
          0.022190081,
          0
        ],
        [
          0.024046984,
          0
        ],
        [
          0.025903886,
          0
        ],
        [
          0.027760789,
          0
        ],
        [
          0.029617691,
          0
        ],
        [
          0.031474594,
          0
        ],
        [
          0.0333315,
          0
        ],
        [
          0.035188403,
          0
        ],
        [
          0.037045307,
          0
        ],
        [
          0.038902212,
          0
        ],
        [
          0.040759116,
          0
        ],
        [
          0.04261602,
          0
        ],
        [
          0.044472925,
          0
        ],
        [
          0.04632983,
          0
        ],
        [
          0.048186734,
          0
        ],
        [
          0.05004364,
          4
        ],
        [
          0.051900543,
          43
        ],
        [
          0.053757448,
          382
        ],
        [
          0.055614352,
          2799
        ],
        [
          0.057471257,
          17532
        ],
        [
          0.05932816,
          86249
        ],
        [
          0.061185066,
          333897
        ],
        [
          0.06304197,
          1035495
        ],
        [
          0.06489887,
          2549900
        ],
        [
          0.06675577,
          4997822
        ],
        [
          0.06861267,
          7768043
        ],
        [
          0.07046957,
          9548805
        ],
        [
          0.072326474,
          9275416
        ],
        [
          0.074183375,
          7105022
        ],
        [
          0.076040275,
          4266965
        ],
        [
          0.077897176,
          2007666
        ],
        [
          0.07975408,
          735865
        ],
        [
          0.08161098,
          208435
        ],
        [
          0.08346788,
          45790
        ],
        [
          0.08532478,
          7688
        ],
        [
          0.08718168,
          969
        ],
        [
          0.08903858,
          73
        ],
        [
          0.09089548,
          5
        ]
      ]
    },
    {
      "name": "nomic-embed-text",
      "moments": [
        10.738492,
        46.713997,
        1.4035106,
        2.0007865
      ],
      "min": 0.0,
      "max": 26.20695,