{
  "ast_distribution": {
    "name": "ast_distribution",
    "moments": [
      6.030527,
      31.932854,
      1.5721248,
      2.7921846
    ],
    "min": 0.0,
    "max": 28.879059,
    "histogram": [
      [
        -0.02890794,
        11
      ],
      [
        0.54982895,
        0
      ],
      [
        1.1285658,
        0
      ],
      [
        1.7073027,
        0
      ],
      [
        2.2860396,
        3066
      ],
      [
        2.8647766,
        56
      ],
      [
        3.4435134,
        3989
      ],
      [
        4.02225,
        2943
      ],
      [
        4.600987,
        35788
      ],
      [
        5.1797237,
        98672
      ],
      [
        5.7584605,
        347576
      ],
      [
        6.3371973,
        652579
      ],
      [
        6.915934,
        1676498
      ],
      [
        7.494671,
        1547631
      ],
      [
        8.073408,
        3443740
      ],
      [
        8.652145,
        4146708
      ],
      [
        9.230883,
        5337491
      ],
      [
        9.80962,
        4077992
      ],
      [
        10.388357,
        6241737
      ],
      [
        10.967094,
        5057290
      ],
      [
        11.545832,
        6016679
      ],
      [
        12.124569,
        5532118
      ],
      [
        12.703306,
        5606717
      ],
      [
        13.282043,
        4252396
      ],
      [
        13.860781,
        3367942
      ],
      [
        14.439518,
        2510112
      ],
      [
        15.018255,
        2144401
      ],
      [
        15.5969925,
        1683488
      ],
      [
        16.17573,
        1507356
      ],
      [
        16.754467,
        1148283
      ],
      [
        17.333204,
        872403
      ],
      [
        17.911942,
        653724
      ],
      [
        18.490679,
        501547
      ],
      [
        19.069416,
        366617
      ],
      [
        19.648153,
        255286
      ],
      [
        20.22689,
        167436
      ],
      [
        20.805628,
        122808
      ],
      [
        21.384365,
        91211
      ],
      [
        21.963102,
        54729
      ],
      [
        22.54184,
        32879
      ],
      [
        23.120577,
        20094
      ],
      [
        23.699314,
        15529
      ],
      [
        24.278051,
        9784
      ],
      [
        24.856789,
        4121
      ],
      [
        25.435526,
        1493
      ],
      [
        26.014263,
        720
      ],
      [
        26.593,
        309
      ],
      [
        27.171738,
        117
      ],
      [
        27.750475,
        29
      ],
      [
        28.329212,
        5
      ]
    ]
  },
  "embedding_distributions": [
    {
      "name": "doc2vecgensim",
      "moments": [
        0.030125393,
        0.00094141864,
        1.1307912,
        2.0858223
      ],
      "min": 0.0,
      "max": 0.0926882,
      "histogram": [
        [
          -0.000092780894,
          3
        ],
        [
          0.0017646925,
          0
        ],
        [
          0.0036221659,
          0
        ],
        [
          0.0054796394,
          0
        ],
        [
          0.007337113,
          0
        ],
        [
          0.009194586,
          0
        ],
        [
          0.01105206,
          0
        ],
        [
          0.012909533,
          0
        ],
        [
          0.014767007,
          0
        ],
        [
          0.01662448,
          0
        ],
        [
          0.018481953,
          0
        ],
        [
          0.020339426,
          0
        ],
        [
          0.022196898,
          0
        ],
        [
          0.02405437,
          0
        ],
        [
          0.025911843,
          0
        ],
        [
          0.027769316,
          0
        ],
        [
          0.029626789,
          0
        ],
        [
          0.03148426,
          0
        ],
        [
          0.033341736,
          0
        ],
        [
          0.03519921,
          0
        ],
        [
          0.037056684,
          0
        ],
        [
          0.03891416,
          0
        ],
        [
          0.040771633,
          0
        ],
        [
          0.042629108,
          0
        ],
        [
          0.044486582,
          0
        ],
        [
          0.046344057,
          0
        ],
        [
          0.04820153,
          0
        ],
        [
          0.050059006,
          4
        ],
        [
          0.05191648,
          57
        ],
        [
          0.053773955,
          498
        ],
        [
          0.05563143,
          3835
        ],
        [
          0.057488903,
          24105
        ],
        [
          0.059346378,
          118407
        ],
        [
          0.061203852,
          461978
        ],
        [
          0.06306133,
          1432207
        ],
        [
          0.0649188,
          3536907
        ],
        [
          0.066776276,
          6944827
        ],
        [
          0.06863375,
          10804857
        ],
        [
          0.070491225,
          13301201
        ],
        [
          0.0723487,
          12931465
        ],
        [
          0.07420617,
          9910179
        ],
        [
          0.07606365,
          5954964
        ],
        [
          0.07792112,
          2799752
        ],
        [
          0.0797786,
          1024753
        ],
        [
          0.08163607,
          288922
        ],
        [
          0.083493546,
          63346
        ],
        [
          0.08535102,
          10414
        ],
        [
          0.087208495,
          1303
        ],
        [
          0.08906597,
          106
        ],
        [
          0.09092344,
          10
        ]
      ]
    },
    {
      "name": "nomic-embed-text",
      "moments": [
        7.7121005,
        61.87811,
        1.7883074,
        2.6643455
      ],
      "min": 0.0,
      "max": 28.721125,