{
  "ast_distribution": {
    "name": "ast_distribution",
    "moments": [
      5.4202003,
      42.210896,
      1.2009132,
      1.4638177
    ],
    "histogram": [
      [
        -0.018511737,
        341
      ],
      [
        0.3520932,
        0
      ],
      [
        0.7226981,
        0
      ],
      [
        1.093303,
        0
      ],
      [
        1.463908,
        0
      ],
      [
        1.834513,
        0
      ],
      [
        2.205118,
        2129
      ],
      [
        2.575723,
        0
      ],
      [
        2.946328,
        475
      ],
      [
        3.316933,
        4108
      ],
      [
        3.687538,
        1692
      ],
      [
        4.0581427,
        4708
      ],
      [
        4.4287477,
        4116
      ],
      [
        4.7993526,
        8087
      ],
      [
        5.1699576,
        19267
      ],
      [
        5.5405626,
        11073
      ],
      [
        5.9111676,
        20364
      ],
      [
        6.2817726,
        40287
      ],
      [
        6.6523776,
        46376
      ],
      [
        7.0229826,
        54632
      ],
      [
        7.3935876,
        56436
      ],
      [
        7.7641926,
        56135
      ],
      [
        8.134797,
        58074
      ],
      [
        8.505402,
        68102
      ],
      [
        8.876006,
        98119
      ],
      [
        9.246611,
        185178
      ],
      [
        9.617215,
        276267
      ],
      [
        9.98782,
        712166
      ],
      [
        10.358424,
        1133257
      ],
      [
        10.729029,
        1826946
      ],
      [
        11.099633,
        2942905
      ],
      [
        11.470238,
        4616022
      ],
      [
        11.840842,
        5006647
      ],
      [
        12.211447,
        6675587
      ],
      [
        12.582051,
        5323178
      ],
      [
        12.952656,
        5901589
      ],
      [
        13.32326,
        4773660
      ],
      [
        13.693865,
        3623306
      ],
      [
        14.064469,
        2934410
      ],
      [
        14.435074,
        1544349
      ],
      [
        14.805678,
        1064023
      ],
      [
        15.176283,
        474243
      ],
      [
        15.546887,
        269647
      ],
      [
        15.917492,
        107916
      ],
      [
        16.288097,
        36084
      ],
      [
        16.658703,
        10098
      ],
      [
        17.029308,
        2583
      ],
      [
        17.399914,
        366
      ],
      [
        17.77052,
        51
      ],
      [
        18.141125,
        1
      ]
    ]
  },
  "embedding_distributions": [
    {
      "name": "doc2vecgensim",
      "moments": [
        0.041947234,
        0.0006554789,
        1.2302147,
        1.5445096
      ],
      "histogram": [
        [
          -0.00009275732,
          195
        ],
        [
          0.0017642442,
          0
        ],
        [
          0.0036212457,
          0
        ],
        [
          0.005478247,
          0
        ],
        [
          0.0073352484,
          0
        ],
        [
          0.00919225,
          0
        ],
        [
          0.011049251,
          0
        ],
        [
          0.012906252,
          0
        ],
        [
          0.014763254,
          0
        ],
        [
          0.016620256,
          0
        ],
        [
          0.018477257,
          0
        ],
        [
          0.020334259,
          0
        ],
        [
          0.02219126,
          0
        ],
        [
          0.024048261,
          0
        ],
        [
          0.025905263,
          0
        ],
        [
          0.027762264,
          0
        ],
        [
          0.029619265,
          0
        ],
        [
          0.031476267,
          0
        ],
        [
          0.033333268,
          0
        ],
        [
          0.03519027,
          0
        ],
        [
          0.03704727,
          0
        ],
        [
          0.038904272,
          0
        ],
        [
          0.040761273,
          0
        ],
        [
          0.042618275,
          0
        ],
        [
          0.044475276,
          0
        ],
        [
          0.046332277,
          0
        ],
        [
          0.04818928,
          0
        ],
        [
          0.05004628,
          4
        ],
        [
          0.05190328,
          43
        ],
        [
          0.053760283,
          367
        ],
        [
          0.055617284,
          2839
        ],
        [
          0.057474285,
          17881
        ],
        [
          0.059331287,
          87035
        ],
        [
          0.061188288,
          336376
        ],
        [
          0.06304529,
          1043020
        ],
        [
          0.0649023,
          2566444
        ],
        [
          0.0667593,
          5020997
        ],
        [
          0.06861631,
          7791392
        ],
        [
          0.07047331,
          9564260
        ],
        [
          0.07233032,
          9268786
        ],
        [
          0.07418732,
          7083453
        ],
        [
          0.07604433,
          4241041
        ],
        [
          0.07790133,
          1987868
        ],
        [
          0.07975834,
          725700
        ],
        [
          0.08161534,
          204260
        ],
        [
          0.08347235,
          44647
        ],
        [
          0.085329354,
          7386
        ],
        [
          0.08718636,
          928
        ],
        [
          0.089043364,
          71
        ],
        [
          0.09090037,
          7
        ]
      ]
    },
    {
      "name": "nomic-embed-text",
      "moments": [
        10.738492,
        22.233307,
        1.4798083,
        2.3204923
      ],