{
  "ast_distribution": {
    "name": "ast_distribution",
    "moments": [
      11.847011,
      2.201415,
      -0.44937503,
      4.895107
    ],
    "histogram": [
      [
        -0.017737765,
        71
      ],
      [
        0.33737227,
        0
      ],
      [
        0.69248235,
        0
      ],
      [
        1.0475924,
        0
      ],
      [
        1.4027025,
        0
      ],
      [
        1.7578125,
        0
      ],
      [
        2.1129227,
        1197
      ],
      [
        2.4680328,
        0
      ],
      [
        2.823143,
        8
      ],
      [
        3.1782532,
        1520
      ],
      [
        3.5333633,
        0
      ],
      [
        3.8884735,
        1715
      ],
      [
        4.2435837,
        1
      ],
      [
        4.598694,
        2192
      ],
      [
        4.953804,
        148
      ],
      [
        5.308914,
        2318
      ],
      [
        5.6640244,
        3095
      ],
      [
        6.0191345,
        1548
      ],
      [
        6.3742447,
        2829
      ],
      [
        6.729355,
        3550
      ],
      [
        7.084465,
        5185
      ],
      [
        7.439575,
        6543
      ],
      [
        7.7946854,
        11248
      ],
      [
        8.149796,
        18021
      ],
      [
        8.504906,
        26468
      ],
      [
        8.860016,
        41697
      ],
      [
        9.215126,
        61619
      ],
      [
        9.570236,
        114638
      ],
      [
        9.925346,
        119672
      ],
      [
        10.280457,
        220867
      ],
      [
        10.635567,
        279362
      ],
      [
        10.990677,
        298033
      ],
      [
        11.345787,
        336325
      ],
      [
        11.700897,
        364537
      ],
      [
        12.056007,
        376267
      ],
      [
        12.411118,
        291594
      ],
      [
        12.766228,
        287423
      ],
      [
        13.121338,
        186565
      ],
      [
        13.476448,
        171169
      ],
      [
        13.831558,
        124233
      ],
      [
        14.186668,
        77442
      ],
      [
        14.541779,
        49372
      ],
      [
        14.896889,
        32756
      ],
      [
        15.251999,
        14156
      ],
      [
        15.607109,
        7690
      ],
      [
        15.962219,
        2901
      ],
      [
        16.31733,
        814
      ],
      [
        16.67244,
        254
      ],
      [
        17.02755,
        61
      ],
      [
        17.38266,
        12
      ]
    ]
  },
  "embedding_distributions": [
    {
      "name": "doc2vecgensim",
      "moments": [
        0.07262646,
        0.000014482773,
        -0.43816674,
        3.1268613
      ],
      "histogram": [
        [
          -0.000091422444,
          3
        ],
        [
          0.0017388548,
          0
        ],
        [
          0.0035691322,
          0
        ],
        [
          0.0053994097,
          0
        ],
        [
          0.0072296867,
          0
        ],
        [
          0.009059964,
          0
        ],
        [
          0.010890241,
          0
        ],
        [
          0.012720518,
          0
        ],
        [
          0.014550795,
          0
        ],
        [
          0.016381072,
          0
        ],
        [
          0.01821135,
          0
        ],
        [
          0.020041628,
          0
        ],
        [
          0.021871906,
          0
        ],
        [
          0.023702184,
          0
        ],
        [
          0.025532462,
          0
        ],
        [
          0.02736274,
          0
        ],
        [
          0.029193018,
          0
        ],
        [
          0.031023296,
          0
        ],
        [
          0.032853574,
          0
        ],
        [
          0.03468385,
          0
        ],
        [
          0.036514126,
          0
        ],
        [
          0.038344402,
          0
        ],
        [
          0.040174678,
          0
        ],
        [
          0.042004954,
          0
        ],
        [
          0.04383523,
          0
        ],
        [
          0.045665506,
          0
        ],
        [
          0.047495782,
          0
        ],
        [
          0.04932606,
          0
        ],
        [
          0.051156335,
          1
        ],
        [
          0.05298661,
          8
        ],
        [
          0.054816887,
          76
        ],
        [
          0.056647163,
          552
        ],
        [
          0.05847744,
          2950
        ],
        [
          0.060307715,
          12321
        ],
        [
          0.06213799,
          41662
        ],
        [
          0.06396827,
          113651
        ],
        [
          0.06579855,
          247462
        ],
        [
          0.06762883,
          435232
        ],
        [
          0.06945911,
          608498
        ],
        [
          0.07128939,
          678294
        ],
        [
          0.07311967,
          602546
        ],
        [
          0.07494995,
          422334
        ],
        [
          0.07678023,
          233571
        ],
        [
          0.07861051,
          101660
        ],
        [
          0.08044079,
          34883
        ],
        [
          0.08227107,
          9157
        ],
        [
          0.08410135,
          1911
        ],
        [
          0.08593163,
          316
        ],
        [
          0.08776191,
          24
        ],
        [
          0.08959219,
          4
        ]
      ]
    },
    {
      "name": "nomic-embed-text",
      "moments": [
        15.541186,
        17.322214,
        -0.6346104,
        2.7850425
      ],