{
  "ast_distribution": {
    "name": "ast_distribution",
    "moments": [
      6.9706793,
      32.904644,
      1.3333206,
      1.8907465
    ],
    "min": 0.0,
    "max": 18.814888,
    "histogram": [
      [
        -0.018833702,
        15462
      ],
      [
        0.358217,
        0
      ],
      [
        0.7352677,
        0
      ],
      [
        1.1123184,
        0
      ],
      [
        1.4893692,
        0
      ],
      [
        1.8664198,
        0
      ],
      [
        2.2434704,
        12272
      ],
      [
        2.620521,
        0
      ],
      [
        2.9975717,
        9
      ],
      [
        3.3746223,
        14308
      ],
      [
        3.751673,
        261
      ],
      [
        4.1287236,
        17524
      ],
      [
        4.5057745,
        5582
      ],
      [
        4.8828254,
        26406
      ],
      [
        5.2598763,
        53810
      ],
      [
        5.636927,
        86097
      ],
      [
        6.013978,
        55513
      ],
      [
        6.391029,
        98378
      ],
      [
        6.7680798,
        234226
      ],
      [
        7.1451306,
        348817
      ],
      [
        7.5221815,
        418392
      ],
      [
        7.8992324,
        510959
      ],
      [
        8.276283,
        588789
      ],
      [
        8.653334,
        683992
      ],
      [
        9.030384,
        1105320
      ],
      [
        9.407434,
        950473
      ],
      [
        9.784485,
        1662251
      ],
      [
        10.161535,
        1847605
      ],
      [
        10.538586,
        2472979
      ],
      [
        10.915636,
        2727741
      ],
      [
        11.292686,
        3620403
      ],
      [
        11.669737,
        3097421
      ],
      [
        12.046787,
        3928445
      ],
      [
        12.423838,
        3163855
      ],
      [
        12.800888,
        3816715
      ],
      [
        13.177938,
        3789085
      ],
      [
        13.554989,
        4259030
      ],
      [
        13.932039,
        3234257
      ],
      [
        14.30909,
        2948543
      ],
      [
        14.68614,
        3035790
      ],
      [
        15.06319,
        2522802
      ],
      [
        15.440241,
        2081756
      ],
      [
        15.817291,
        1842209
      ],
      [
        16.194342,
        1539252
      ],
      [
        16.571392,
        1523666
      ],
      [
        16.948442,
        1225919
      ],
      [
        17.325493,
        540959
      ],
      [
        17.702543,
        310521
      ],
      [
        18.079594,
        122079
      ],
      [
        18.456644,
        9637
      ]
    ]
  },
  "embedding_distributions": [
    {
      "name": "doc2vecgensim",
      "moments": [
        0.034635324,
        0.0011116263,
        1.4416535,
        2.0645833
      ],
      "min": 0.051979806,
      "max": 0.13353075,
      "histogram": [
        [
          0.051898174,
          10
        ],
        [
          0.053532455,
          98
        ],
        [
          0.055166736,
          605
        ],
        [
          0.056801017,
          3503
        ],
        [
          0.0584353,
          15650
        ],
        [
          0.06006958,
          61098
        ],
        [
          0.06170386,
          198471
        ],
        [
          0.063338146,
          545081
        ],
        [
          0.06497243,
          1266270
        ],
        [
          0.066606715,
          2483464
        ],
        [
          0.068241,
          4126716
        ],
        [
          0.069875285,
          5831099
        ],
        [
          0.07150957,
          7040905
        ],
        [
          0.073143855,
          7353582
        ],
        [
          0.07477814,
          6746983
        ],
        [
          0.076412424,
          5570128
        ],
        [
          0.07804671,
          4276665
        ],
        [
          0.079680994,
          3186957
        ],
        [
          0.08131528,
          2385894
        ],
        [
          0.082949564,
          1835219
        ],
        [
          0.08458385,
          1450850
        ],
        [
          0.08621813,
          1178160
        ],
        [
          0.08785242,
          972771
        ],
        [
          0.0894867,
          811545
        ],
        [
          0.09112099,
          682466
        ],
        [
          0.09275527,
          572460
        ],
        [
          0.09438956,
          476945
        ],
        [
          0.09602384,
          389921
        ],
        [
          0.09765813,
          310781
        ],
        [
          0.09929241,
          240495
        ],
        [
          0.1009267,
          177544
        ],
        [
          0.10256098,
          125495
        ],
        [
          0.10419527,
          84944
        ],
        [
          0.10582955,
          55147
        ],
        [
          0.10746384,
          34727
        ],
        [
          0.10909812,
          21224
        ],
        [
          0.11073241,
          13193
        ],
        [
          0.11236669,
          8135
        ],
        [
          0.114000976,
          5263
        ],
        [
          0.11563526,
          3545
        ],
        [
          0.117269546,
          2276
        ],
        [
          0.11890383,
          1477
        ],
        [
          0.120538116,
          861
        ],
        [
          0.1221724,
          474
        ],
        [
          0.123806685,
          236
        ],
        [
          0.12544097,
          107
        ],
        [
          0.12707525,
          45
        ],
        [
          0.12870954,
          18
        ],
        [
          0.13034382,
          4
        ],
        [
          0.13197811,
          3
        ]
      ]
    },
    {
      "name": "nomic-embed-text",
      "moments": [
        5.9371533,
        29.129581,
        1.7669026,
        3.5703769
      ],
      "min": 0.0,
      "max": 27.991573,