{
  "ast_distribution": {
    "name": "ast_distribution",
    "moments": [
      5.4188924,
      42.200768,
      1.2002753,
      1.4642819
    ],
    "min": 0.0,
    "max": 18.493242,
    "histogram": [
      [
        -0.018511737,
        336
      ],
      [
        0.3520932,
        0
      ],
      [
        0.7226981,
        0
      ],
      [
        1.093303,
        0
      ],
      [
        1.463908,
        0
      ],
      [
        1.834513,
        0
      ],
      [
        2.205118,
        2137
      ],
      [
        2.575723,
        0
      ],
      [
        2.946328,
        476
      ],
      [
        3.316933,
        4105
      ],
      [
        3.687538,
        1687
      ],
      [
        4.0581427,
        4700
      ],
      [
        4.4287477,
        4098
      ],
      [
        4.7993526,
        8108
      ],
      [
        5.1699576,
        19269
      ],
      [
        5.5405626,
        11103
      ],
      [
        5.9111676,
        20325
      ],
      [
        6.2817726,
        40305
      ],
      [
        6.6523776,
        46474
      ],
      [
        7.0229826,
        54722
      ],
      [
        7.3935876,
        56600
      ],
      [
        7.7641926,
        56210
      ],
      [
        8.134797,
        58117
      ],
      [
        8.505402,
        68011
      ],
      [
        8.876006,
        97961
      ],
      [
        9.246611,
        185005
      ],
      [
        9.617215,
        276058
      ],
      [
        9.98782,
        712049
      ],
      [
        10.358424,
        1134252
      ],
      [
        10.729029,
        1828658
      ],
      [
        11.099633,
        2944574
      ],
      [
        11.470238,
        4621989
      ],
      [
        11.840842,
        5013557
      ],
      [
        12.211447,
        6686026
      ],
      [
        12.582051,
        5330582
      ],
      [
        12.952656,
        5907970
      ],
      [
        13.32326,
        4770140
      ],
      [
        13.693865,
        3616916
      ],
      [
        14.064469,
        2925442
      ],
      [
        14.435074,
        1537606
      ],
      [
        14.805678,
        1055985
      ],
      [
        15.176283,
        470675
      ],
      [
        15.546887,
        267225
      ],
      [
        15.917492,
        106870
      ],
      [
        16.288097,
        35740
      ],
      [
        16.658703,
        9980
      ],
      [
        17.029308,
        2546
      ],
      [
        17.399914,
        360
      ],
      [
        17.77052,
        50
      ],
      [
        18.141125,
        1
      ]
    ]
  },
  "embedding_distributions": [
    {
      "name": "doc2vecgensim",
      "moments": [
        0.041947234,
        0.0006554935,
        1.2308004,
        1.5466499
      ],
      "min": 0.0,
      "max": 0.092598274,
      "histogram": [
        [
          -0.000092690876,
          196
        ],
        [
          0.0017629804,
          0
        ],
        [
          0.0036186515,
          0
        ],
        [
          0.005474323,
          0
        ],
        [
          0.0073299943,
          0
        ],
        [
          0.009185665,
          0
        ],
        [
          0.011041337,
          0
        ],
        [
          0.012897008,
          0
        ],
        [
          0.0147526795,
          0
        ],
        [
          0.01660835,
          0
        ],
        [
          0.018464021,
          0
        ],
        [
          0.020319693,
          0
        ],
        [
          0.022175364,
          0
        ],
        [
          0.024031036,
          0
        ],
        [
          0.025886707,
          0
        ],
        [
          0.027742378,
          0
        ],
        [
          0.02959805,
          0
        ],
        [
          0.03145372,
          0
        ],
        [
          0.033309393,
          0
        ],
        [
          0.035165064,
          0
        ],
        [
          0.037020735,
          0
        ],
        [
          0.038876407,
          0
        ],
        [
          0.04073208,
          0
        ],
        [
          0.04258775,
          0
        ],
        [
          0.04444342,
          0
        ],
        [
          0.046299092,
          0
        ],
        [
          0.048154764,
          0
        ],
        [
          0.050010435,
          4
        ],
        [
          0.051866107,
          41
        ],
        [
          0.053721778,
          361
        ],
        [
          0.05557745,
          2704
        ],
        [
          0.05743312,
          17065
        ],
        [
          0.059288792,
          83770
        ],
        [
          0.061144464,
          325991
        ],
        [
          0.063000135,
          1014472
        ],
        [
          0.06485581,
          2508830
        ],
        [
          0.06671148,
          4938197
        ],
        [
          0.06856715,
          7710594
        ],
        [
          0.07042282,
          9527826
        ],
        [
          0.07227849,
          9303984
        ],
        [
          0.07413416,
          7164585
        ],
        [
          0.075989835,
          4325422
        ],
        [
          0.07784551,
          2045872
        ],
        [
          0.07970118,
          754192
        ],
        [
          0.08155685,
          214601
        ],
        [
          0.08341252,
          47194
        ],
        [
          0.08526819,
          8014
        ],
        [
          0.08712386,
          1002
        ],
        [
          0.088979535,
          78
        ],
        [
          0.090835206,
          5
        ]
      ]
    },
    {
      "name": "nomic-embed-text",
      "moments": [
        10.738492,
        22.264927,
        1.4775982,
        2.316342
      ],
      "min": 0.0,
      "max": 24.367147,