{
  "ast_distribution": {
    "name": "ast_distribution",
    "moments": [
      11.846299,
      2.202874,
      -0.4467116,
      4.8940644
    ],
    "min": 0.0,
    "max": 17.720045,
    "histogram": [
      [
        -0.017737765,
        70
      ],
      [
        0.33737227,
        0
      ],
      [
        0.69248235,
        0
      ],
      [
        1.0475924,
        0
      ],
      [
        1.4027025,
        0
      ],
      [
        1.7578125,
        0
      ],
      [
        2.1129227,
        1194
      ],
      [
        2.4680328,
        0
      ],
      [
        2.823143,
        9
      ],
      [
        3.1782532,
        1517
      ],
      [
        3.5333633,
        0
      ],
      [
        3.8884735,
        1721
      ],
      [
        4.2435837,
        1
      ],
      [
        4.598694,
        2204
      ],
      [
        4.953804,
        151
      ],
      [
        5.308914,
        2321
      ],
      [
        5.6640244,
        3098
      ],
      [
        6.0191345,
        1549
      ],
      [
        6.3742447,
        2852
      ],
      [
        6.729355,
        3564
      ],
      [
        7.084465,
        5202
      ],
      [
        7.439575,
        6538
      ],
      [
        7.7946854,
        11270
      ],
      [
        8.149796,
        18016
      ],
      [
        8.504906,
        26455
      ],
      [
        8.860016,
        41622
      ],
      [
        9.215126,
        61683
      ],
      [
        9.570236,
        114738
      ],
      [
        9.925346,
        119884
      ],
      [
        10.280457,
        220809
      ],
      [
        10.635567,
        279393
      ],
      [
        10.990677,
        298674
      ],
      [
        11.345787,
        336549
      ],
      [
        11.700897,
        363997
      ],
      [
        12.056007,
        375865
      ],
      [
        12.411118,
        291447
      ],
      [
        12.766228,
        286915
      ],
      [
        13.121338,
        186551
      ],
      [
        13.476448,
        171342
      ],
      [
        13.831558,
        124300
      ],
      [
        14.186668,
        77559
      ],
      [
        14.541779,
        49396
      ],
      [
        14.896889,
        32766
      ],
      [
        15.251999,
        14139
      ],
      [
        15.607109,
        7702
      ],
      [
        15.962219,
        2912
      ],
      [
        16.31733,
        813
      ],
      [
        16.67244,
        254
      ],
      [
        17.02755,
        62
      ],
      [
        17.38266,
        12
      ]
    ]
  },
  "embedding_distributions": [
    {
      "name": "doc2vecgensim",
      "moments": [
        0.07263582,
        0.000014491297,
        -0.44400227,
        3.1634264
      ],
      "min": 0.0,
      "max": 0.09130991,
      "histogram": [
        [
          -0.00009140123,
          4
        ],
        [
          0.0017384512,
          0
        ],
        [
          0.0035683038,
          0
        ],
        [
          0.005398156,
          0
        ],
        [
          0.0072280085,
          0
        ],
        [
          0.009057861,
          0
        ],
        [
          0.010887713,
          0
        ],
        [
          0.0127175655,
          0
        ],
        [
          0.014547418,
          0
        ],
        [
          0.01637727,
          0
        ],
        [
          0.018207124,
          0
        ],
        [
          0.020036977,
          0
        ],
        [
          0.02186683,
          0
        ],
        [
          0.023696683,
          0
        ],
        [
          0.025526537,
          0
        ],
        [
          0.02735639,
          0
        ],
        [
          0.029186243,
          0
        ],
        [
          0.031016096,
          0
        ],
        [
          0.032845948,
          0
        ],
        [
          0.0346758,
          0
        ],
        [
          0.03650565,
          0
        ],
        [
          0.038335502,
          0
        ],
        [
          0.040165354,
          0
        ],
        [
          0.041995205,
          0
        ],
        [
          0.043825056,
          0
        ],
        [
          0.045654908,
          0
        ],
        [
          0.04748476,
          0
        ],
        [
          0.04931461,
          0
        ],
        [
          0.051144462,
          1
        ],
        [
          0.052974313,
          9
        ],
        [
          0.054804165,
          73
        ],
        [
          0.056634016,
          543
        ],
        [
          0.058463868,
          2906
        ],
        [
          0.06029372,
          12214
        ],
        [
          0.06212357,
          41128
        ],
        [
          0.06395342,
          112566
        ],
        [
          0.06578328,
          245683
        ],
        [
          0.06761313,
          433066
        ],
        [
          0.06944299,
          607024
        ],
        [
          0.07127284,
          678090
        ],
        [
          0.0731027,
          603979
        ],
        [
          0.07493255,
          424432
        ],
        [
          0.07676241,
          235483
        ],
        [
          0.07859226,
          102871
        ],
        [
          0.08042212,
          35423
        ],
        [
          0.08225197,
          9319
        ],
        [
          0.08408183,
          1958
        ],
        [
          0.085911684,
          315
        ],
        [
          0.08774154,
          25
        ],
        [
          0.089571394,
          4
        ]
      ]
    },
    {
      "name": "nomic-embed-text",
      "moments": [
        15.542276,
        17.334057,
        -0.635159,
        2.7843544
      ],
      "min": 0.0,
      "max": 28.748951,