{
  "ast_distribution": {
    "name": "ast_distribution",
    "moments": [
      13.52815,
      2.5481095,
      -1.7299663,
      4.817702
    ],
    "min": 0.0,
    "max": 18.493242,
    "histogram": [
      [
        -0.018511737,
        90
      ],
      [
        0.3520932,
        0
      ],
      [
        0.7226981,
        0
      ],
      [
        1.093303,
        0
      ],
      [
        1.463908,
        0
      ],
      [
        1.834513,
        0
      ],
      [
        2.205118,
        630
      ],
      [
        2.575723,
        0
      ],
      [
        2.946328,
        121
      ],
      [
        3.316933,
        1221
      ],
      [
        3.687538,
        490
      ],
      [
        4.0581427,
        1170
      ],
      [
        4.4287477,
        1222
      ],
      [
        4.7993526,
        2128
      ],
      [
        5.1699576,
        5019
      ],
      [
        5.5405626,
        3210
      ],
      [
        5.9111676,
        5218
      ],
      [
        6.2817726,
        10603
      ],
      [
        6.6523776,
        12365
      ],
      [
        7.0229826,
        13913
      ],
      [
        7.3935876,
        14300
      ],
      [
        7.7641926,
        14452
      ],
      [
        8.134797,
        15814
      ],
      [
        8.505402,
        19059
      ],
      [
        8.876006,
        27565
      ],
      [
        9.246611,
        53371
      ],
      [
        9.617215,
        81266
      ],
      [
        9.98782,
        204361
      ],
      [
        10.358424,
        318549
      ],
      [
        10.729029,
        502456
      ],
      [
        11.099633,
        799779
      ],
      [
        11.470238,
        1217770
      ],
      [
        11.840842,
        1292687
      ],
      [
        12.211447,
        1673694
      ],
      [
        12.582051,
        1309918
      ],
      [
        12.952656,
        1431064
      ],
      [
        13.32326,
        1135815
      ],
      [
        13.693865,
        847152
      ],
      [
        14.064469,
        679680
      ],
      [
        14.435074,
        354728
      ],
      [
        14.805678,
        241534
      ],
      [
        15.176283,
        107317
      ],
      [
        15.546887,
        61512
      ],
      [
        15.917492,
        24695
      ],
      [
        16.288097,
        8486
      ],
      [
        16.658703,
        2359
      ],
      [
        17.029308,
        616
      ],
      [
        17.399914,
        89
      ],
      [
        17.77052,
        11
      ],
      [
        18.141125,
        1
      ]
    ]
  },
  "embedding_distributions": [
    {
      "name": "doc2vecgensim",
      "moments": [
        0.06593419,
        0.000050650604,
        1.3192664,
        1.9988141
      ],
      "min": 0.0,
      "max": 0.09263324,
      "histogram": [
        [
          -0.00009272588,
          64
        ],
        [
          0.001763646,
          0
        ],
        [
          0.0036200178,
          0
        ],
        [
          0.0054763895,
          0
        ],
        [
          0.0073327613,
          0
        ],
        [
          0.0091891335,
          0
        ],
        [
          0.011045505,
          0
        ],
        [
          0.012901877,
          0
        ],
        [
          0.014758249,
          0
        ],
        [
          0.016614622,
          0
        ],
        [
          0.018470993,
          0
        ],
        [
          0.020327365,
          0
        ],
        [
          0.022183737,
          0
        ],
        [
          0.024040109,
          0
        ],
        [
          0.02589648,
          0
        ],
        [
          0.027752852,
          0
        ],
        [
          0.029609224,
          0
        ],
        [
          0.031465597,
          0
        ],
        [
          0.03332197,
          0
        ],
        [
          0.03517834,
          0
        ],
        [
          0.037034713,
          0
        ],
        [
          0.038891084,
          0
        ],
        [
          0.040747456,
          0
        ],
        [
          0.042603828,
          0
        ],
        [
          0.0444602,
          0
        ],
        [
          0.04631657,
          0
        ],
        [
          0.048172943,
          0
        ],
        [
          0.050029315,
          2
        ],
        [
          0.051885687,
          7
        ],
        [
          0.05374206,
          77
        ],
        [
          0.05559843,
          733
        ],
        [
          0.057454802,
          4609
        ],
        [
          0.059311174,
          21836
        ],
        [
          0.061167546,
          84551
        ],
        [
          0.06302392,
          260863
        ],
        [
          0.06488029,
          639779
        ],
        [
          0.06673666,
          1251668
        ],
        [
          0.06859303,
          1942169
        ],
        [
          0.070449404,
          2385434
        ],
        [
          0.072305776,
          2315622
        ],
        [
          0.07416215,
          1773109
        ],
        [
          0.07601852,
          1066316
        ],
        [
          0.07787489,
          501161
        ],
        [
          0.07973126,
          184002
        ],
        [
          0.081587635,
          52057
        ],
        [
          0.08344401,
          11356
        ],
        [
          0.08530038,
          1851
        ],
        [
          0.08715675,
          214
        ],
        [
          0.08901312,
          18
        ],
        [
          0.090869494,
          2
        ]
      ]
    },
    {
      "name": "nomic-embed-text",
      "moments": [
        15.428285,
        8.232108,
        -0.5959829,
        3.080151
      ],
      "min": 0.0,
      "max": 24.367147,