{
  "ast_distribution": {
    "name": "ast_distribution",
    "moments": [
      6.0356307,
      31.894602,
      1.5756108,
      2.7960665
    ],
    "histogram": [
      [
        -0.02890794,
        11
      ],
      [
        0.54982895,
        0
      ],
      [
        1.1285658,
        0
      ],
      [
        1.7073027,
        0
      ],
      [
        2.2860396,
        3067
      ],
      [
        2.8647766,
        56
      ],
      [
        3.4435134,
        3989
      ],
      [
        4.02225,
        2943
      ],
      [
        4.600987,
        35790
      ],
      [
        5.1797237,
        98674
      ],
      [
        5.7584605,
        347575
      ],
      [
        6.3371973,
        652605
      ],
      [
        6.915934,
        1676517
      ],
      [
        7.494671,
        1547880
      ],
      [
        8.073408,
        3444153
      ],
      [
        8.652145,
        4146960
      ],
      [
        9.230883,
        5337939
      ],
      [
        9.80962,
        4080685
      ],
      [
        10.388357,
        6243769
      ],
      [
        10.967094,
        5058190
      ],
      [
        11.545832,
        6017078
      ],
      [
        12.124569,
        5530987
      ],
      [
        12.703306,
        5604423
      ],
      [
        13.282043,
        4250619
      ],
      [
        13.860781,
        3367077
      ],
      [
        14.439518,
        2509529
      ],
      [
        15.018255,
        2144059
      ],
      [
        15.5969925,
        1683372
      ],
      [
        16.17573,
        1507244
      ],
      [
        16.754467,
        1148261
      ],
      [
        17.333204,
        872374
      ],
      [
        17.911942,
        653696
      ],
      [
        18.490679,
        501506
      ],
      [
        19.069416,
        366585
      ],
      [
        19.648153,
        255275
      ],
      [
        20.22689,
        167417
      ],
      [
        20.805628,
        122796
      ],
      [
        21.384365,
        91203
      ],
      [
        21.963102,
        54730
      ],
      [
        22.54184,
        32872
      ],
      [
        23.120577,
        20093
      ],
      [
        23.699314,
        15529
      ],
      [
        24.278051,
        9781
      ],
      [
        24.856789,
        4118
      ],
      [
        25.435526,
        1493
      ],
      [
        26.014263,
        720
      ],
      [
        26.593,
        309
      ],
      [
        27.171738,
        117
      ],
      [
        27.750475,
        29
      ],
      [
        28.329212,
        5
      ]
    ]
  },
  "embedding_distributions": [
    {
      "name": "doc2vecgensim",
      "moments": [
        0.030125393,
        0.00094141864,
        1.1301883,
        2.08578
      ],
      "histogram": [
        [
          -0.00009281461,
          3
        ],
        [
          0.0017653338,
          0
        ],
        [
          0.0036234823,
          0
        ],
        [
          0.0054816306,
          0
        ],
        [
          0.007339779,
          0
        ],
        [
          0.009197927,
          0
        ],
        [
          0.011056076,
          0
        ],
        [
          0.0129142245,
          0
        ],
        [
          0.014772373,
          0
        ],
        [
          0.016630521,
          0
        ],
        [
          0.01848867,
          0
        ],
        [
          0.020346818,
          0
        ],
        [
          0.022204967,
          0
        ],
        [
          0.024063116,
          0
        ],
        [
          0.025921265,
          0
        ],
        [
          0.027779413,
          0
        ],
        [
          0.029637562,
          0
        ],
        [
          0.03149571,
          0
        ],
        [
          0.033353858,
          0
        ],
        [
          0.035212006,
          0
        ],
        [
          0.037070155,
          0
        ],
        [
          0.038928304,
          0
        ],
        [
          0.040786453,
          0
        ],
        [
          0.0426446,
          0
        ],
        [
          0.04450275,
          0
        ],
        [
          0.0463609,
          0
        ],
        [
          0.048219047,
          0
        ],
        [
          0.050077196,
          4
        ],
        [
          0.051935345,
          60
        ],
        [
          0.053793494,
          506
        ],
        [
          0.055651642,
          3916
        ],
        [
          0.05750979,
          24628
        ],
        [
          0.05936794,
          120651
        ],
        [
          0.06122609,
          469190
        ],
        [
          0.06308424,
          1451611
        ],
        [
          0.06494238,
          3575405
        ],
        [
          0.06680053,
          7000045
        ],
        [
          0.06865867,
          10857927
        ],
        [
          0.07051682,
          13320984
        ],
        [
          0.07237496,
          12907547
        ],
        [
          0.07423311,
          9855055
        ],
        [
          0.07609125,
          5900861
        ],
        [
          0.0779494,
          2763111
        ],
        [
          0.07980754,
          1006799
        ],
        [
          0.08166569,
          282642
        ],
        [
          0.08352383,
          61708
        ],
        [
          0.08538198,
          10090
        ],
        [
          0.08724012,
          1248
        ],
        [
          0.08909827,
          100
        ],
        [
          0.09095641,
          9
        ]
      ]
    },
    {
      "name": "nomic-embed-text",
      "moments": [
        7.7121005,
        61.88019,
        1.7866031,
        2.6657147
      ],