{
  "ast_distribution": {
    "name": "ast_distribution",
    "moments": [
      1.8995056,
      17.421877,
      3.8191285,
      14.423286
    ],
    "histogram": [
      [
        -0.018833702,
        41633
      ],
      [
        0.358217,
        0
      ],
      [
        0.7352677,
        0
      ],
      [
        1.1123184,
        0
      ],
      [
        1.4893692,
        0
      ],
      [
        1.8664198,
        0
      ],
      [
        2.2434704,
        27751
      ],
      [
        2.620521,
        0
      ],
      [
        2.9975717,
        61
      ],
      [
        3.3746223,
        35870
      ],
      [
        3.751673,
        847
      ],
      [
        4.1287236,
        51307
      ],
      [
        4.5057745,
        16401
      ],
      [
        4.8828254,
        87676
      ],
      [
        5.2598763,
        187715
      ],
      [
        5.636927,
        320271
      ],
      [
        6.013978,
        196579
      ],
      [
        6.391029,
        375016
      ],
      [
        6.7680798,
        911483
      ],
      [
        7.1451306,
        1401087
      ],
      [
        7.5221815,
        1782836
      ],
      [
        7.8992324,
        2205241
      ],
      [
        8.276283,
        2570297
      ],
      [
        8.653334,
        2975834
      ],
      [
        9.030384,
        4759558
      ],
      [
        9.407434,
        4020714
      ],
      [
        9.784485,
        6687516
      ],
      [
        10.161535,
        7580366
      ],
      [
        10.538586,
        10254658
      ],
      [
        10.915636,
        11730340
      ],
      [
        11.292686,
        16023256
      ],
      [
        11.669737,
        14007331
      ],
      [
        12.046787,
        18153668
      ],
      [
        12.423838,
        14969522
      ],
      [
        12.800888,
        18422637
      ],
      [
        13.177938,
        18155919
      ],
      [
        13.554989,
        20430178
      ],
      [
        13.932039,
        15644334
      ],
      [
        14.30909,
        13958787
      ],
      [
        14.68614,
        14476049
      ],
      [
        15.06319,
        12487393
      ],
      [
        15.440241,
        10685410
      ],
      [
        15.817291,
        9596506
      ],
      [
        16.194342,
        7643493
      ],
      [
        16.571392,
        7658199
      ],
      [
        16.948442,
        6713627
      ],
      [
        17.325493,
        2943381
      ],
      [
        17.702543,
        1729587
      ],
      [
        18.079594,
        656153
      ],
      [
        18.456644,
        60713
      ]
    ]
  },
  "embedding_distributions": [
    {
      "name": "doc2vecgensim",
      "moments": [
        0.029679775,
        0.0072600096,
        2.7366574,
        7.846791
      ],
      "histogram": [
        [
          0.05145212,
          21965
        ],
        [
          0.060113538,
          6466860
        ],
        [
          0.06877495,
          45624060
        ],
        [
          0.07743637,
          35349899
        ],
        [
          0.08609779,
          22704909
        ],
        [
          0.09475921,
          18068841
        ],
        [
          0.10342063,
          15451422
        ],
        [
          0.11208205,
          13625181
        ],
        [
          0.12074347,
          12208085
        ],
        [
          0.12940489,
          11033783
        ],
        [
          0.1380663,
          10035486
        ],
        [
          0.14672773,
          9141380
        ],
        [
          0.15538915,
          8352057
        ],
        [
          0.16405056,
          7633282
        ],
        [
          0.17271198,
          6980273
        ],
        [
          0.1813734,
          6394693
        ],
        [
          0.19003482,
          5863461
        ],
        [
          0.19869624,
          5370165
        ],
        [
          0.20735766,
          4924626
        ],
        [
          0.21601908,
          4510954
        ],
        [
          0.2246805,
          4140958
        ],
        [
          0.23334192,
          3785900
        ],
        [
          0.24200334,
          3446589
        ],
        [
          0.25066474,
          3110468
        ],
        [
          0.25932616,
          2798636
        ],
        [
          0.26798758,
          2559718
        ],
        [
          0.276649,
          2341807
        ],
        [
          0.28531042,
          2112923
        ],
        [
          0.29397184,
          1918798
        ],
        [
          0.30263326,
          1692089
        ],
        [
          0.31129467,
          1472465
        ],
        [
          0.3199561,
          1243890
        ],
        [
          0.3286175,
          899940
        ],
        [
          0.33727893,
          589237
        ],
        [
          0.34594035,
          321907
        ],
        [
          0.35460177,
          149451
        ],
        [
          0.3632632,
          63590
        ],
        [
          0.3719246,
          34665
        ],
        [
          0.38058603,
          30754
        ],
        [
          0.38924745,
          31421
        ],
        [
          0.39790887,
          30813
        ],
        [
          0.4065703,
          23257
        ],
        [
          0.4152317,
          18611
        ],
        [
          0.42389312,
          18953
        ],
        [
          0.43255454,
          19967
        ],
        [
          0.44121596,
          13953
        ],
        [
          0.44987738,
          4318
        ],
        [
          0.4585388,
          657
        ],
        [
          0.46720022,
          69
        ],
        [
          0.47586164,
          14
        ]
      ]
    },
    {
      "name": "nomic-embed-text",
      "moments": [
        1.8995056,
        22.981485,
        3.188757,
        10.338083
      ],