{
  "ast_distribution": {
    "name": "ast_distribution",
    "moments": [
      9.434153,
      21.882435,
      1.6556014,
      3.0487907
    ],
    "min": 0.0,
    "max": 22.405357,
    "histogram": [
      [
        -0.022427764,
        2
      ],
      [
        0.42657605,
        0
      ],
      [
        0.87557983,
        0
      ],
      [
        1.3245836,
        0
      ],
      [
        1.7735875,
        0
      ],
      [
        2.2225914,
        26
      ],
      [
        2.671595,
        0
      ],
      [
        3.1205988,
        427
      ],
      [
        3.5696025,
        0
      ],
      [
        4.018606,
        829
      ],
      [
        4.46761,
        5163
      ],
      [
        4.9166136,
        0
      ],
      [
        5.3656173,
        2263
      ],
      [
        5.814621,
        6180
      ],
      [
        6.2636247,
        5101
      ],
      [
        6.7126284,
        3592
      ],
      [
        7.161632,
        4210
      ],
      [
        7.6106358,
        4951
      ],
      [
        8.05964,
        37167
      ],
      [
        8.508644,
        159675
      ],
      [
        8.957648,
        225001
      ],
      [
        9.406652,
        409577
      ],
      [
        9.855657,
        830065
      ],
      [
        10.304661,
        3332280
      ],
      [
        10.753665,
        4364579
      ],
      [
        11.202669,
        4076169
      ],
      [
        11.651673,
        5001651
      ],
      [
        12.1006775,
        3957548
      ],
      [
        12.549682,
        3536317
      ],
      [
        12.998686,
        3007839
      ],
      [
        13.44769,
        2509903
      ],
      [
        13.896694,
        2110397
      ],
      [
        14.345698,
        2114510
      ],
      [
        14.794703,
        1859149
      ],
      [
        15.243707,
        1648990
      ],
      [
        15.692711,
        1303949
      ],
      [
        16.141714,
        1211009
      ],
      [
        16.590717,
        1247872
      ],
      [
        17.03972,
        909453
      ],
      [
        17.488724,
        921262
      ],
      [
        17.937727,
        921636
      ],
      [
        18.38673,
        795605
      ],
      [
        18.835733,
        736496
      ],
      [
        19.284737,
        724994
      ],
      [
        19.73374,
        760116
      ],
      [
        20.182743,
        882364
      ],
      [
        20.631746,
        215121
      ],
      [
        21.08075,
        78919
      ],
      [
        21.529753,
        48506
      ],
      [
        21.978756,
        24137
      ]
    ]
  },
  "embedding_distributions": [
    {
      "name": "doc2vecgensim",
      "moments": [
        0.041947234,
        0.0006554917,
        1.2316242,
        1.5508745
      ],
      "min": 0.051285315,
      "max": 0.092718914,
      "histogram": [
        [
          0.05124384,
          5
        ],
        [
          0.05207417,
          7
        ],
        [
          0.0529045,
          27
        ],
        [
          0.05373483,
          77
        ],
        [
          0.05456516,
          216
        ],
        [
          0.05539549,
          473
        ],
        [
          0.05622582,
          1206
        ],
        [
          0.05705615,
          2861
        ],
        [
          0.05788648,
          6500
        ],
        [
          0.05871681,
          13559
        ],
        [
          0.05954714,
          27875
        ],
        [
          0.06037747,
          53911
        ],
        [
          0.0612078,
          100282
        ],
        [
          0.06203813,
          176175
        ],
        [
          0.06286846,
          297949
        ],
        [
          0.06369879,
          480437
        ],
        [
          0.06452912,
          741753
        ],
        [
          0.06535945,
          1088369
        ],
        [
          0.06618978,
          1525672
        ],
        [
          0.06702011,
          2042461
        ],
        [
          0.06785044,
          2613707
        ],
        [
          0.06868077,
          3181706
        ],
        [
          0.0695111,
          3697221
        ],
        [
          0.07034143,
          4102470
        ],
        [
          0.07117176,
          4330962
        ],
        [
          0.07200209,
          4363053
        ],
        [
          0.07283242,
          4187091
        ],
        [
          0.07366275,
          3830688
        ],
        [
          0.07449308,
          3338511
        ],
        [
          0.07532341,
          2770402
        ],
        [
          0.07615374,
          2185531
        ],
        [
          0.07698407,
          1643166
        ],
        [
          0.0778144,
          1173800
        ],
        [
          0.07864473,
          797898
        ],
        [
          0.07947506,
          516182
        ],
        [
          0.08030539,
          315952
        ],
        [
          0.08113572,
          183893
        ],
        [
          0.08196605,
          101790
        ],
        [
          0.08279638,
          52847
        ],
        [
          0.08362671,
          26273
        ],
        [
          0.08445704,
          12677
        ],
        [
          0.08528737,
          5592
        ],
        [
          0.0861177,
          2355
        ],
        [
          0.08694803,
          927
        ],
        [
          0.08777836,
          344
        ],
        [
          0.08860869,
          100
        ],
        [
          0.08943902,
          35
        ],
        [
          0.09026935,
          8
        ],
        [
          0.09109968,
          3
        ],
        [
          0.09193001,
          1
        ]
      ]
    },
    {
      "name": "nomic-embed-text",
      "moments": [
        10.738492,
        26.030914,
        1.421723,
        2.0738194
      ],
      "min": 0.0,
      "max": 25.634727,