{
  "ast_distribution": {
    "name": "ast_distribution",
    "moments": [
      14.007389,
      7.3835745,
      0.4054577,
      2.5362172
    ],
    "min": 2.4494898,
    "max": 22.405357,
    "histogram": [
      [
        2.429514,
        9
      ],
      [
        2.8294299,
        0
      ],
      [
        3.2293458,
        103
      ],
      [
        3.6292617,
        0
      ],
      [
        4.0291777,
        205
      ],
      [
        4.429094,
        0
      ],
      [
        4.82901,
        1307
      ],
      [
        5.228926,
        591
      ],
      [
        5.6288424,
        1530
      ],
      [
        6.0287585,
        0
      ],
      [
        6.4286747,
        1266
      ],
      [
        6.828591,
        936
      ],
      [
        7.228507,
        1071
      ],
      [
        7.628423,
        1240
      ],
      [
        8.028339,
        3795
      ],
      [
        8.428255,
        13873
      ],
      [
        8.828171,
        69045
      ],
      [
        9.228086,
        57326
      ],
      [
        9.628002,
        101665
      ],
      [
        10.027918,
        338495
      ],
      [
        10.427834,
        683423
      ],
      [
        10.827749,
        1294745
      ],
      [
        11.227665,
        774535
      ],
      [
        11.627581,
        1186907
      ],
      [
        12.027496,
        864240
      ],
      [
        12.427412,
        729498
      ],
      [
        12.827328,
        721763
      ],
      [
        13.227243,
        558879
      ],
      [
        13.627159,
        587220
      ],
      [
        14.027075,
        523760
      ],
      [
        14.4269905,
        390987
      ],
      [
        14.826906,
        423458
      ],
      [
        15.226822,
        434830
      ],
      [
        15.626738,
        310154
      ],
      [
        16.026653,
        272882
      ],
      [
        16.426569,
        314404
      ],
      [
        16.826485,
        259107
      ],
      [
        17.2264,
        213388
      ],
      [
        17.626316,
        190056
      ],
      [
        18.026232,
        184932
      ],
      [
        18.426147,
        196780
      ],
      [
        18.826063,
        137599
      ],
      [
        19.225979,
        143799
      ],
      [
        19.625895,
        161675
      ],
      [
        20.02581,
        203863
      ],
      [
        20.425726,
        85456
      ],
      [
        20.825642,
        30528
      ],
      [
        21.225557,
        13229
      ],
      [
        21.625473,
        8363
      ],
      [
        22.025389,
        4583
      ]
    ]
  },
  "embedding_distributions": [
    {
      "name": "doc2vecgensim",
      "moments": [
        0.065967746,
        0.000050543156,
        1.3252972,
        1.9687297
      ],
      "min": 0.051374316,
      "max": 0.09270037,
      "histogram": [
        [
          0.05133295,
          2
        ],
        [
          0.052161127,
          2
        ],
        [
          0.052989304,
          8
        ],
        [
          0.05381748,
          20
        ],
        [
          0.054645658,
          41
        ],
        [
          0.055473834,
          140
        ],
        [
          0.05630201,
          348
        ],
        [
          0.057130188,
          802
        ],
        [
          0.057958364,
          1862
        ],
        [
          0.05878654,
          3800
        ],
        [
          0.059614718,
          7612
        ],
        [
          0.060442895,
          14709
        ],
        [
          0.06127107,
          26823
        ],
        [
          0.06209925,
          46939
        ],
        [
          0.062927425,
          79120
        ],
        [
          0.0637556,
          126218
        ],
        [
          0.06458378,
          193462
        ],
        [
          0.065411955,
          281005
        ],
        [
          0.06624013,
          391390
        ],
        [
          0.06706831,
          522299
        ],
        [
          0.067896485,
          664088
        ],
        [
          0.06872466,
          805465
        ],
        [
          0.06955284,
          931334
        ],
        [
          0.070381016,
          1025572
        ],
        [
          0.07120919,
          1082439
        ],
        [
          0.07203737,
          1084582
        ],
        [
          0.072865546,
          1038122
        ],
        [
          0.07369372,
          945561
        ],
        [
          0.0745219,
          822054
        ],
        [
          0.075350076,
          681879
        ],
        [
          0.07617825,
          537195
        ],
        [
          0.07700643,
          402885
        ],
        [
          0.077834606,
          286847
        ],
        [
          0.07866278,
          195082
        ],
        [
          0.07949096,
          126043
        ],
        [
          0.08031914,
          76940
        ],
        [
          0.08114731,
          45369
        ],
        [
          0.08197549,
          24747
        ],
        [
          0.08280367,
          12986
        ],
        [
          0.08363184,
          6372
        ],
        [
          0.08446002,
          3107
        ],
        [
          0.0852882,
          1326
        ],
        [
          0.08611637,
          560
        ],
        [
          0.08694455,
          239
        ],
        [
          0.08777273,
          66
        ],
        [
          0.088600904,
          26
        ],
        [
          0.08942908,
          8
        ],
        [
          0.09025726,
          2
        ],
        [
          0.091085434,
          1
        ],
        [
          0.09191361,
          1
        ]
      ]
    },
    {
      "name": "nomic-embed-text",
      "moments": [
        15.869326,
        5.343074,
        -0.4754748,
        3.3922963
      ],
      "min": 2.2936301,
      "max": 25.054327,