{
  "ast_distribution": {
    "name": "ast_distribution",
    "moments": [
      1.8765466,
      17.657991,
      3.7843533,
      14.184825
    ],
    "min": 0.0,
    "max": 18.814888,
    "histogram": [
      [
        -0.018833702,
        41834
      ],
      [
        0.358217,
        0
      ],
      [
        0.7352677,
        0
      ],
      [
        1.1123184,
        0
      ],
      [
        1.4893692,
        0
      ],
      [
        1.8664198,
        0
      ],
      [
        2.2434704,
        27995
      ],
      [
        2.620521,
        0
      ],
      [
        2.9975717,
        60
      ],
      [
        3.3746223,
        36184
      ],
      [
        3.751673,
        848
      ],
      [
        4.1287236,
        51784
      ],
      [
        4.5057745,
        16548
      ],
      [
        4.8828254,
        88442
      ],
      [
        5.2598763,
        189634
      ],
      [
        5.636927,
        323502
      ],
      [
        6.013978,
        198507
      ],
      [
        6.391029,
        378472
      ],
      [
        6.7680798,
        920705
      ],
      [
        7.1451306,
        1415207
      ],
      [
        7.5221815,
        1800840
      ],
      [
        7.8992324,
        2226352
      ],
      [
        8.276283,
        2595840
      ],
      [
        8.653334,
        3004705
      ],
      [
        9.030384,
        4805589
      ],
      [
        9.407434,
        4060471
      ],
      [
        9.784485,
        6751521
      ],
      [
        10.161535,
        7653388
      ],
      [
        10.538586,
        10358705
      ],
      [
        10.915636,
        11852411
      ],
      [
        11.292686,
        16194798
      ],
      [
        11.669737,
        14158077
      ],
      [
        12.046787,
        18352241
      ],
      [
        12.423838,
        15134129
      ],
      [
        12.800888,
        18625516
      ],
      [
        13.177938,
        18362846
      ],
      [
        13.554989,
        20666685
      ],
      [
        13.932039,
        15829005
      ],
      [
        14.30909,
        14156909
      ],
      [
        14.68614,
        14691840
      ],
      [
        15.06319,
        12662391
      ],
      [
        15.440241,
        10848586
      ],
      [
        15.817291,
        9762504
      ],
      [
        16.194342,
        7801492
      ],
      [
        16.571392,
        7773716
      ],
      [
        16.948442,
        6803710
      ],
      [
        17.325493,
        2982917
      ],
      [
        17.702543,
        1759418
      ],
      [
        18.079594,
        667289
      ],
      [
        18.456644,
        61547
      ]
    ]
  },
  "embedding_distributions": [
    {
      "name": "doc2vecgensim",
      "moments": [
        0.029321041,
        0.007332886,
        2.9353096,
        8.682926
      ],
      "min": 0.051789094,
      "max": 0.48858738,
      "histogram": [
        [
          0.05135186,
          21209
        ],
        [
          0.060105305,
          6532110
        ],
        [
          0.06885875,
          45153094
        ],
        [
          0.0776122,
          34471038
        ],
        [
          0.08636565,
          22449785
        ],
        [
          0.0951191,
          17978489
        ],
        [
          0.103872545,
          15441880
        ],
        [
          0.112625994,
          13686658
        ],
        [
          0.12137944,
          12312987
        ],
        [
          0.13013288,
          11158371
        ],
        [
          0.13888633,
          10178109
        ],
        [
          0.14763978,
          9320861
        ],
        [
          0.15639323,
          8525406
        ],
        [
          0.16514668,
          7836060
        ],
        [
          0.17390013,
          7180733
        ],
        [
          0.18265358,
          6609677
        ],
        [
          0.19140702,
          6069821
        ],
        [
          0.20016047,
          5584127
        ],
        [
          0.20891392,
          5119510
        ],
        [
          0.21766737,
          4707109
        ],
        [
          0.22642082,
          4327451
        ],
        [
          0.23517427,
          3981313
        ],
        [
          0.24392772,
          3626167
        ],
        [
          0.25268117,
          3287903
        ],
        [
          0.2614346,
          2982996
        ],
        [
          0.27018806,
          2713136
        ],
        [
          0.2789415,
          2494586
        ],
        [
          0.28769496,
          2260774
        ],
        [
          0.2964484,
          2031421
        ],
        [
          0.30520186,
          1854116
        ],
        [
          0.3139553,
          1617663
        ],
        [
          0.32270876,
          1403436
        ],
        [
          0.3314622,
          1138249
        ],
        [
          0.34021565,
          790067
        ],
        [
          0.3489691,
          524066
        ],
        [
          0.35772255,
          287731
        ],
        [
          0.366476,
          137274
        ],
        [
          0.37522945,
          60177
        ],
        [
          0.3839829,
          34380
        ],
        [
          0.39273635,
          30314
        ],
        [
          0.4014898,
          31782
        ],
        [
          0.41024324,
          33443
        ],
        [
          0.4189967,
          25571
        ],
        [
          0.42775014,
          19027
        ],
        [
          0.4365036,
          18659
        ],
        [
          0.44525704,
          18556
        ],
        [
          0.4540105,
          17850
        ],
        [
          0.46276394,
          8668
        ],
        [
          0.47151738,
          1068
        ],
        [
          0.48027083,
          282
        ]
      ]
    },
    {
      "name": "nomic-embed-text",
      "moments": [
        1.8765466,
        22.906237,
        3.1959655,
        10.405721
      ],
      "min": 0.0,
      "max": 27.991573,