{
  "ast_distribution": {
    "name": "ast_distribution",
    "moments": [
      10.738492,
      29.91467,
      1.4501791,
      2.3107429
    ],
    "histogram": [
      [
        -0.030624712,
        1
      ],
      [
        0.582482,
        0
      ],
      [
        1.1955886,
        0
      ],
      [
        1.8086953,
        0
      ],
      [
        2.421802,
        43
      ],
      [
        3.0349088,
        235
      ],
      [
        3.6480155,
        98
      ],
      [
        4.261122,
        9
      ],
      [
        4.874229,
        120
      ],
      [
        5.4873357,
        31
      ],
      [
        6.1004424,
        279
      ],
      [
        6.713549,
        8722
      ],
      [
        7.326656,
        13508
      ],
      [
        7.9397626,
        87920
      ],
      [
        8.552869,
        135815
      ],
      [
        9.165976,
        91074
      ],
      [
        9.779082,
        78200
      ],
      [
        10.392189,
        247381
      ],
      [
        11.005296,
        677082
      ],
      [
        11.6184025,
        1008955
      ],
      [
        12.231509,
        1903409
      ],
      [
        12.844616,
        2477165
      ],
      [
        13.457723,
        3367097
      ],
      [
        14.070829,
        4155879
      ],
      [
        14.683936,
        4372383
      ],
      [
        15.297043,
        4773466
      ],
      [
        15.91015,
        4582384
      ],
      [
        16.523256,
        4199656
      ],
      [
        17.136362,
        4023878
      ],
      [
        17.749468,
        3394373
      ],
      [
        18.362574,
        2946302
      ],
      [
        18.97568,
        2073701
      ],
      [
        19.588785,
        1807632
      ],
      [
        20.20189,
        1187911
      ],
      [
        20.814997,
        879608
      ],
      [
        21.428102,
        562377
      ],
      [
        22.041208,
        391303
      ],
      [
        22.654314,
        243668
      ],
      [
        23.26742,
        147541
      ],
      [
        23.880526,
        72915
      ],
      [
        24.493631,
        45137
      ],
      [
        25.106737,
        21040
      ],
      [
        25.719843,
        9931
      ],
      [
        26.332949,
        4346
      ],
      [
        26.946054,
        1506
      ],
      [
        27.55916,
        632
      ],
      [
        28.172266,
        218
      ],
      [
        28.785372,
        45
      ],
      [
        29.398478,
        20
      ],
      [
        30.011583,
        4
      ]
    ]
  },
  "embedding_distributions": [
    {
      "name": "doc2vecgensim",
      "moments": [
        0.041947234,
        0.0006554839,
        1.2305877,
        1.5462765
      ],
      "histogram": [
        [
          -0.00009277136,
          135
        ],
        [
          0.0017645113,
          0
        ],
        [
          0.003621794,
          0
        ],
        [
          0.005479077,
          0
        ],
        [
          0.0073363595,
          0
        ],
        [
          0.009193642,
          0
        ],
        [
          0.011050925,
          0
        ],
        [
          0.012908207,
          0
        ],
        [
          0.01476549,
          0
        ],
        [
          0.016622772,
          0
        ],
        [
          0.018480055,
          0
        ],
        [
          0.020337338,
          0
        ],
        [
          0.02219462,
          0
        ],
        [
          0.024051903,
          0
        ],
        [
          0.025909185,
          0
        ],
        [
          0.027766468,
          0
        ],
        [
          0.02962375,
          0
        ],
        [
          0.031481035,
          0
        ],
        [
          0.03333832,
          0
        ],
        [
          0.035195604,
          0
        ],
        [
          0.03705289,
          0
        ],
        [
          0.038910173,
          0
        ],
        [
          0.040767457,
          0
        ],
        [
          0.04262474,
          0
        ],
        [
          0.044482026,
          0
        ],
        [
          0.04633931,
          0
        ],
        [
          0.048196595,
          0
        ],
        [
          0.05005388,
          3
        ],
        [
          0.051911164,
          48
        ],
        [
          0.05376845,
          377
        ],
        [
          0.055625733,
          2848
        ],
        [
          0.057483017,
          17738
        ],
        [
          0.059340302,
          87017
        ],
        [
          0.061197586,
          336654
        ],
        [
          0.06305487,
          1042973
        ],
        [
          0.06491215,
          2567151
        ],
        [
          0.06676943,
          5023428
        ],
        [
          0.06862671,
          7792086
        ],
        [
          0.07048399,
          9563498
        ],
        [
          0.07234127,
          9267434
        ],
        [
          0.07419855,
          7080052
        ],
        [
          0.07605583,
          4240653
        ],
        [
          0.07791311,
          1988658
        ],
        [
          0.07977039,
          726513
        ],
        [
          0.081627674,
          204560
        ],
        [
          0.083484955,
          44758
        ],
        [
          0.085342236,
          7402
        ],
        [
          0.08719952,
          936
        ],
        [
          0.0890568,
          71
        ],
        [
          0.09091408,
          7
        ]
      ]
    },
    {
      "name": "nomic-embed-text",
      "moments": [
        10.738492,
        46.793594,
        1.4021189,
        1.9913965
      ],