{
  "ast_distribution": {
    "name": "ast_distribution",
    "moments": [
      6.595747,
      26.721727,
      1.770153,
      3.4608998
    ],
    "min": 0.0,
    "max": 22.449944,
    "histogram": [
      [
        -0.022472395,
        773
      ],
      [
        0.42742494,
        0
      ],
      [
        0.87732226,
        0
      ],
      [
        1.3272196,
        0
      ],
      [
        1.7771169,
        0
      ],
      [
        2.2270143,
        6552
      ],
      [
        2.6769116,
        0
      ],
      [
        3.126809,
        19089
      ],
      [
        3.5767062,
        0
      ],
      [
        4.0266037,
        33334
      ],
      [
        4.476501,
        34143
      ],
      [
        4.9263983,
        650
      ],
      [
        5.3762956,
        30028
      ],
      [
        5.826193,
        38114
      ],
      [
        6.27609,
        191646
      ],
      [
        6.7259874,
        574411
      ],
      [
        7.1758847,
        946761
      ],
      [
        7.625782,
        1042930
      ],
      [
        8.07568,
        2049363
      ],
      [
        8.525578,
        3448112
      ],
      [
        8.975475,
        3604410
      ],
      [
        9.425373,
        8123190
      ],
      [
        9.875271,
        4792766
      ],
      [
        10.325169,
        7349523
      ],
      [
        10.775066,
        3273632
      ],
      [
        11.224964,
        5100860
      ],
      [
        11.674862,
        3695301
      ],
      [
        12.12476,
        3123061
      ],
      [
        12.574657,
        2097686
      ],
      [
        13.024555,
        2169071
      ],
      [
        13.474453,
        1880095
      ],
      [
        13.924351,
        1931649
      ],
      [
        14.3742485,
        1395310
      ],
      [
        14.824146,
        1397292
      ],
      [
        15.274044,
        1148732
      ],
      [
        15.723942,
        1042687
      ],
      [
        16.17384,
        1026077
      ],
      [
        16.623737,
        784788
      ],
      [
        17.073635,
        836407
      ],
      [
        17.523533,
        721038
      ],
      [
        17.97343,
        599030
      ],
      [
        18.423328,
        664120
      ],
      [
        18.873226,
        615771
      ],
      [
        19.323124,
        664771
      ],
      [
        19.773022,
        571804
      ],
      [
        20.22292,
        186690
      ],
      [
        20.672817,
        62083
      ],
      [
        21.122715,
        27535
      ],
      [
        21.572613,
        15471
      ],
      [
        22.02251,
        3850
      ]
    ]
  },
  "embedding_distributions": [
    {
      "name": "doc2vecgensim",
      "moments": [
        0.031151708,
        0.0009734909,
        1.0519444,
        2.0072856
      ],
      "min": 0.051313143,
      "max": 0.09272446,
      "histogram": [
        [
          0.051271692,
          5
        ],
        [
          0.052101575,
          6
        ],
        [
          0.052931458,
          42
        ],
        [
          0.05376134,
          109
        ],
        [
          0.054591224,
          253
        ],
        [
          0.055421107,
          658
        ],
        [
          0.05625099,
          1603
        ],
        [
          0.057080872,
          3777
        ],
        [
          0.057910755,
          8623
        ],
        [
          0.05874064,
          18137
        ],
        [
          0.05957052,
          36916
        ],
        [
          0.060400404,
          72086
        ],
        [
          0.061230287,
          133116
        ],
        [
          0.06206017,
          234960
        ],
        [
          0.06289005,
          396458
        ],
        [
          0.063719936,
          639848
        ],
        [
          0.06454982,
          987176
        ],
        [
          0.0653797,
          1451371
        ],
        [
          0.066209584,
          2037514
        ],
        [
          0.06703947,
          2731160
        ],
        [
          0.06786935,
          3496485
        ],
        [
          0.06869923,
          4264565
        ],
        [
          0.069529116,
          4960111
        ],
        [
          0.070359,
          5508064
        ],
        [
          0.07118888,
          5824570
        ],
        [
          0.072018765,
          5874907
        ],
        [
          0.07284865,
          5645880
        ],
        [
          0.07367853,
          5173162
        ],
        [
          0.07450841,
          4515624
        ],
        [
          0.0753383,
          3753995
        ],
        [
          0.07616818,
          2965372
        ],
        [
          0.07699806,
          2231897
        ],
        [
          0.077827945,
          1599276
        ],
        [
          0.07865783,
          1086775
        ],
        [
          0.07948771,
          704084
        ],
        [
          0.080317594,
          432456
        ],
        [
          0.08114748,
          251301
        ],
        [
          0.08197736,
          139174
        ],
        [
          0.08280724,
          72758
        ],
        [
          0.083637126,
          36181
        ],
        [
          0.08446701,
          17408
        ],
        [
          0.08529689,
          7568
        ],
        [
          0.086126775,
          3181
        ],
        [
          0.08695666,
          1307
        ],
        [
          0.08778654,
          468
        ],
        [
          0.08861642,
          153
        ],
        [
          0.089446306,
          50
        ],
        [
          0.09027619,
          11
        ],
        [
          0.09110607,
          3
        ],
        [
          0.091935955,
          2
        ]
      ]
    },
    {
      "name": "nomic-embed-text",
      "moments": [
        7.9748373,
        37.995113,
        1.871304,
        4.159987
      ],
      "min": 0.0,
      "max": 27.559973,