{
  "ast_distribution": {
    "name": "ast_distribution",
    "moments": [
      8.576779,
      23.953243,
      1.4186336,
      2.0606601
    ],
    "histogram": [
      [
        -0.018780427,
        384
      ],
      [
        0.35720366,
        0
      ],
      [
        0.7331878,
        0
      ],
      [
        1.1091719,
        0
      ],
      [
        1.4851559,
        0
      ],
      [
        1.86114,
        0
      ],
      [
        2.2371242,
        2013
      ],
      [
        2.6131084,
        0
      ],
      [
        2.9890926,
        19
      ],
      [
        3.3650768,
        4651
      ],
      [
        3.741061,
        228
      ],
      [
        4.117045,
        8513
      ],
      [
        4.493029,
        4635
      ],
      [
        4.8690133,
        16639
      ],
      [
        5.2449975,
        40659
      ],
      [
        5.6209817,
        23896
      ],
      [
        5.996966,
        90321
      ],
      [
        6.37295,
        76277
      ],
      [
        6.7489343,
        189998
      ],
      [
        7.1249185,
        279864
      ],
      [
        7.5009027,
        337723
      ],
      [
        7.876887,
        394678
      ],
      [
        8.252871,
        442654
      ],
      [
        8.628855,
        496332
      ],
      [
        9.004839,
        531679
      ],
      [
        9.380823,
        839913
      ],
      [
        9.756807,
        901951
      ],
      [
        10.1327915,
        1096263
      ],
      [
        10.508776,
        1502207
      ],
      [
        10.88476,
        1672075
      ],
      [
        11.260744,
        2015232
      ],
      [
        11.636728,
        2680830
      ],
      [
        12.0127125,
        2288770
      ],
      [
        12.388697,
        2976338
      ],
      [
        12.764681,
        3073986
      ],
      [
        13.140665,
        3117426
      ],
      [
        13.516649,
        3103190
      ],
      [
        13.892633,
        2950965
      ],
      [
        14.268618,
        3208463
      ],
      [
        14.644602,
        2331154
      ],
      [
        15.020586,
        2379847
      ],
      [
        15.39657,
        2052164
      ],
      [
        15.772554,
        1894191
      ],
      [
        16.148539,
        1756220
      ],
      [
        16.524523,
        1439432
      ],
      [
        16.900507,
        1799950
      ],
      [
        17.276491,
        958579
      ],
      [
        17.652475,
        603086
      ],
      [
        18.02846,
        291173
      ],
      [
        18.404444,
        120432
      ]
    ]
  },
  "embedding_distributions": [
    {
      "name": "doc2vecgensim",
      "moments": [
        0.041947324,
        0.0009410645,
        1.4152436,
        1.9646724
      ],
      "histogram": [
        [
          -0.0001308586,
          4
        ],
        [
          0.0024889307,
          0
        ],
        [
          0.0051087197,
          0
        ],
        [
          0.0077285087,
          0
        ],
        [
          0.010348298,
          0
        ],
        [
          0.012968087,
          0
        ],
        [
          0.015587876,
          0
        ],
        [
          0.018207666,
          0
        ],
        [
          0.020827455,
          0
        ],
        [
          0.023447245,
          0
        ],
        [
          0.026067035,
          0
        ],
        [
          0.028686825,
          0
        ],
        [
          0.031306613,
          0
        ],
        [
          0.0339264,
          0
        ],
        [
          0.03654619,
          0
        ],
        [
          0.039165977,
          0
        ],
        [
          0.041785765,
          0
        ],
        [
          0.044405553,
          0
        ],
        [
          0.04702534,
          0
        ],
        [
          0.04964513,
          1
        ],
        [
          0.052264918,
          61
        ],
        [
          0.054884706,
          1122
        ],
        [
          0.057504494,
          15151
        ],
        [
          0.06012428,
          124302
        ],
        [
          0.06274407,
          667514
        ],
        [
          0.06536386,
          2339242
        ],
        [
          0.06798365,
          5406177
        ],
        [
          0.07060344,
          8346564
        ],
        [
          0.073223226,
          8929076
        ],
        [
          0.075843014,
          7095433
        ],
        [
          0.0784628,
          4755619
        ],
        [
          0.08108259,
          3132758
        ],
        [
          0.08370238,
          2213791
        ],
        [
          0.086322166,
          1671178
        ],
        [
          0.088941954,
          1318155
        ],
        [
          0.09156174,
          1062526
        ],
        [
          0.09418153,
          860272
        ],
        [
          0.09680132,
          685126
        ],
        [
          0.09942111,
          520951
        ],
        [
          0.102040894,
          368231
        ],
        [
          0.10466068,
          235537
        ],
        [
          0.10728047,
          133197
        ],
        [
          0.10990026,
          66655
        ],
        [
          0.11252005,
          29285
        ],
        [
          0.115139835,
          11450
        ],
        [
          0.11775962,
          3930
        ],
        [
          0.12037941,
          1300
        ],
        [
          0.1229992,
          301
        ],
        [
          0.125619,
          75
        ],
        [
          0.12823878,
          16
        ]
      ]
    },
    {
      "name": "nomic-embed-text",
      "moments": [
        5.8972526,
        25.750603,
        1.5637563,
        2.7644653
      ],