{
  "ast_distribution": {
    "name": "ast_distribution",
    "moments": [
      16.20101,
      7.141844,
      0.21744803,
      3.2026377
    ],
    "min": 0.0,
    "max": 29.966648,
    "histogram": [
      [
        -0.029996617,
        1
      ],
      [
        0.5705356,
        0
      ],
      [
        1.1710678,
        0
      ],
      [
        1.7716,
        0
      ],
      [
        2.3721323,
        23
      ],
      [
        2.9726646,
        57
      ],
      [
        3.573197,
        5
      ],
      [
        4.173729,
        30
      ],
      [
        4.774261,
        29
      ],
      [
        5.374793,
        18
      ],
      [
        5.975325,
        70
      ],
      [
        6.575857,
        6517
      ],
      [
        7.176389,
        5708
      ],
      [
        7.7769213,
        30915
      ],
      [
        8.377454,
        21831
      ],
      [
        8.977986,
        31028
      ],
      [
        9.578519,
        25383
      ],
      [
        10.179051,
        61496
      ],
      [
        10.779584,
        125694
      ],
      [
        11.380116,
        228925
      ],
      [
        11.980649,
        433440
      ],
      [
        12.581182,
        508409
      ],
      [
        13.181714,
        736664
      ],
      [
        13.782247,
        982765
      ],
      [
        14.382779,
        1070606
      ],
      [
        14.983312,
        1074065
      ],
      [
        15.583844,
        1033409
      ],
      [
        16.184376,
        1072223
      ],
      [
        16.784908,
        1045876
      ],
      [
        17.38544,
        833326
      ],
      [
        17.985973,
        770463
      ],
      [
        18.586506,
        666470
      ],
      [
        19.187038,
        466984
      ],
      [
        19.78757,
        387899
      ],
      [
        20.388103,
        305134
      ],
      [
        20.988636,
        205201
      ],
      [
        21.589169,
        138068
      ],
      [
        22.189701,
        93141
      ],
      [
        22.790234,
        62235
      ],
      [
        23.390766,
        34517
      ],
      [
        23.991299,
        19316
      ],
      [
        24.591831,
        10618
      ],
      [
        25.192364,
        4992
      ],
      [
        25.792896,
        2414
      ],
      [
        26.393429,
        932
      ],
      [
        26.993961,
        404
      ],
      [
        27.594494,
        144
      ],
      [
        28.195026,
        36
      ],
      [
        28.795559,
        14
      ],
      [
        29.396091,
        5
      ]
    ]
  },
  "embedding_distributions": [
    {
      "name": "doc2vecgensim",
      "moments": [
        0.06594853,
        0.000050652674,
        1.3195266,
        1.9984552
      ],
      "min": 0.0,
      "max": 0.09264209,
      "histogram": [
        [
          -0.000092734736,
          62
        ],
        [
          0.0017638147,
          0
        ],
        [
          0.0036203642,
          0
        ],
        [
          0.0054769134,
          0
        ],
        [
          0.007333463,
          0
        ],
        [
          0.009190013,
          0
        ],
        [
          0.011046562,
          0
        ],
        [
          0.012903112,
          0
        ],
        [
          0.014759662,
          0
        ],
        [
          0.01661621,
          0
        ],
        [
          0.018472759,
          0
        ],
        [
          0.020329308,
          0
        ],
        [
          0.022185856,
          0
        ],
        [
          0.024042405,
          0
        ],
        [
          0.025898954,
          0
        ],
        [
          0.027755503,
          0
        ],
        [
          0.029612051,
          0
        ],
        [
          0.0314686,
          0
        ],
        [
          0.03332515,
          0
        ],
        [
          0.0351817,
          0
        ],
        [
          0.03703825,
          0
        ],
        [
          0.038894802,
          0
        ],
        [
          0.040751353,
          0
        ],
        [
          0.042607903,
          0
        ],
        [
          0.044464454,
          0
        ],
        [
          0.046321005,
          0
        ],
        [
          0.048177555,
          0
        ],
        [
          0.050034106,
          2
        ],
        [
          0.051890656,
          7
        ],
        [
          0.053747207,
          76
        ],
        [
          0.055603758,
          735
        ],
        [
          0.057460308,
          4567
        ],
        [
          0.05931686,
          21787
        ],
        [
          0.06117341,
          84271
        ],
        [
          0.06302996,
          260105
        ],
        [
          0.06488651,
          638347
        ],
        [
          0.06674306,
          1249190
        ],
        [
          0.06859961,
          1941015
        ],
        [
          0.07045616,
          2384088
        ],
        [
          0.07231271,
          2315263
        ],
        [
          0.07416926,
          1775053
        ],
        [
          0.076025814,
          1068577
        ],
        [
          0.077882364,
          502946
        ],
        [
          0.079738915,
          185190
        ],
        [
          0.081595466,
          52517
        ],
        [
          0.083452016,
          11567
        ],
        [
          0.08530857,
          1883
        ],
        [
          0.08716512,
          229
        ],
        [
          0.08902167,
          21
        ],
        [
          0.09087822,
          2
        ]
      ]
    },
    {
      "name": "nomic-embed-text",
      "moments": [
        17.330019,
        6.677681,
        1.1565986,
        2.6930065
      ],
      "min": 0.0,
      "max": 25.869848,